,Codi_provincia,Provincia,Codi_municipi,Municipi,Estacio,Codi_Contaminant,Any,Mes,Dia,H01,V01,H02,V02,H03,V03,H04,V04,H05,V05,H06,V06,H07,V07,H08,V08,H09,V09,H10,V10,H11,V11,H12,V12,H13,V13,H14,V14,H15,V15,H16,V16,H17,V17,H18,V18,H19,V19,H20,V20,H21,V21,H22,V22,H23,V23,H24,V24,nom_cabina,codi_dtes,zqa,codi_eoi,Longitud,Latitud,ubicacio,Codi_districte,Nom_districte,Codi_barri,Nom_barri,Clas_1,Clas_2
0,8,Barcelona,19,Barcelona,4,12,2021,1,1,39.0,V,37.0,V,28.0,V,25.0,V,36.0,V,39.0,V,17.0,V,27.0,V,35.0,V,36.0,V,33.0,V,24.0,V,36.0,V,47.0,V,46.0,V,36.0,V,34.0,V,19.0,V,18.0,V,24.0,V,21.0,V,30.0,V,14.0,V,,N,Barcelona - Poblenou,I2,1,8019004,2.2045,41.4039,Plaça Josep Trueta (Pujades - Lope de Vega),10,Sant Marti,68,el Poblenou,Urbana,Fons
1,8,Barcelona,19,Barcelona,4,12,2021,1,2,10.0,V,12.0,V,9.0,V,8.0,V,7.0,V,8.0,V,10.0,V,10.0,V,12.0,V,13.0,V,22.0,V,21.0,V,26.0,V,24.0,V,21.0,V,20.0,V,21.0,V,26.0,V,34.0,V,46.0,V,52.0,V,49.0,V,51.0,V,,N,Barcelona - Poblenou,I2,1,8019004,2.2045,41.4039,Plaça Josep Trueta (Pujades - Lope de Vega),10,Sant Marti,68,el Poblenou,Urbana,Fons
2,8,Barcelona,19,Barcelona,4,12,2021,1,3,38.0,V,12.0,V,4.0,V,3.0,V,3.0,V,7.0,V,6.0,V,7.0,V,9.0,V,18.0,V,15.0,V,13.0,V,15.0,V,16.0,V,26.0,V,29.0,V,28.0,V,34.0,V,63.0,V,112.0,V,99.0,V,96.0,V,66.0,V,,N,Barcelona - Poblenou,I2,1,8019004,2.2045,41.4039,Plaça Josep Trueta (Pujades - Lope de Vega),10,Sant Marti,68,el Poblenou,Urbana,Fons
3,8,Barcelona,19,Barcelona,4,12,2021,1,4,51.0,V,45.0,V,40.0,V,44.0,V,37.0,V,43.0,V,55.0,V,86.0,V,126.0,V,37.0,V,,N,,N,38.0,V,25.0,V,29.0,V,27.0,V,24.0,V,34.0,V,44.0,V,38.0,V,58.0,V,59.0,V,26.0,V,,N,Barcelona - Poblenou,I2,1,8019004,2.2045,41.4039,Plaça Josep Trueta (Pujades - Lope de Vega),10,Sant Marti,68,el Poblenou,Urbana,Fons
4,8,Barcelona,19,Barcelona,4,12,2021,1,5,43.0,V,62.0,V,64.0,V,34.0,V,32.0,V,52.0,V,73.0,V,95.0,V,121.0,V,131.0,V,114.0,V,79.0,V,34.0,V,25.0,V,24.0,V,21.0,V,31.0,V,47.0,V,68.0,V,76.0,V,52.0,V,49.0,V,41.0,V,54.0,V,Barcelona - Poblenou,I2,1,8019004,2.2045,41.4039,Plaça Josep Trueta (Pujades - Lope de Vega),10,Sant Marti,68,el Poblenou,Urbana,Fons
5,8,Barcelona,19,Barcelona,4,12,2021,1,6,42.0,V,38.0,V,29.0,V,24.0,V,21.0,V,25.0,V,29.0,V,29.0,V,28.0,V,38.0,V,35.0,V,39.0,V,42.0,V,34.0,V,23.0,V,17.0,V,18.0,V,26.0,V,79.0,V,115.0,V,90.0,V,58.0,V,49.0,V,,N,Barcelona - Poblenou,I2,1,8019004,2.2045,41.4039,Plaça Josep Trueta (Pujades - Lope de Vega),10,Sant Marti,68,el Poblenou,Urbana,Fons
6,8,Barcelona,19,Barcelona,4,12,2021,1,7,33.0,V,36.0,V,36.0,V,34.0,V,29.0,V,33.0,V,39.0,V,58.0,V,84.0,V,115.0,V,110.0,V,111.0,V,117.0,V,57.0,V,31.0,V,28.0,V,38.0,V,36.0,V,81.0,V,104.0,V,89.0,V,66.0,V,46.0,V,25.0,V,Barcelona - Poblenou,I2,1,8019004,2.2045,41.4039,Plaça Josep Trueta (Pujades - Lope de Vega),10,Sant Marti,68,el Poblenou,Urbana,Fons
7,8,Barcelona,19,Barcelona,4,12,2021,1,8,26.0,V,37.0,V,27.0,V,17.0,V,18.0,V,31.0,V,33.0,V,57.0,V,70.0,V,69.0,V,72.0,V,80.0,V,82.0,V,79.0,V,56.0,V,60.0,V,72.0,V,104.0,V,120.0,V,110.0,V,95.0,V,65.0,V,34.0,V,,N,Barcelona - Poblenou,I2,1,8019004,2.2045,41.4039,Plaça Josep Trueta (Pujades - Lope de Vega),10,Sant Marti,68,el Poblenou,Urbana,Fons
8,8,Barcelona,19,Barcelona,4,12,2021,1,9,12.0,V,13.0,V,6.0,V,7.0,V,11.0,V,15.0,V,14.0,V,11.0,V,12.0,V,17.0,V,18.0,V,23.0,V,16.0,V,16.0,V,13.0,V,12.0,V,14.0,V,16.0,V,11.0,V,12.0,V,11.0,V,13.0,V,10.0,V,9.0,V,Barcelona - Poblenou,I2,1,8019004,2.2045,41.4039,Plaça Josep Trueta (Pujades - Lope de Vega),10,Sant Marti,68,el Poblenou,Urbana,Fons
9,8,Barcelona,19,Barcelona,4,12,2021,1,10,11.0,V,6.0,V,6.0,V,5.0,V,6.0,V,9.0,V,7.0,V,10.0,V,12.0,V,15.0,V,13.0,V,15.0,V,22.0,V,33.0,V,37.0,V,40.0,V,19.0,V,35.0,V,44.0,V,38.0,V,32.0,V,48.0,V,31.0,V,,N,Barcelona - Poblenou,I2,1,8019004,2.2045,41.4039,Plaça Josep Trueta (Pujades - Lope de Vega),10,Sant Marti,68,el Poblenou,Urbana,Fons
10,8,Barcelona,19,Barcelona,4,12,2021,1,11,17.0,V,13.0,V,13.0,V,11.0,V,7.0,V,12.0,V,18.0,V,35.0,V,48.0,V,52.0,V,52.0,V,48.0,V,39.0,V,37.0,V,31.0,V,30.0,V,34.0,V,38.0,V,40.0,V,31.0,V,29.0,V,23.0,V,20.0,V,,N,Barcelona - Poblenou,I2,1,8019004,2.2045,41.4039,Plaça Josep Trueta (Pujades - Lope de Vega),10,Sant Marti,68,el Poblenou,Urbana,Fons
11,8,Barcelona,19,Barcelona,4,12,2021,1,12,19.0,V,11.0,V,9.0,V,9.0,V,9.0,V,12.0,V,20.0,V,32.0,V,52.0,V,46.0,V,35.0,V,38.0,V,30.0,V,29.0,V,31.0,V,30.0,V,35.0,V,34.0,V,36.0,V,37.0,V,30.0,V,35.0,V,31.0,V,24.0,V,Barcelona - Poblenou,I2,1,8019004,2.2045,41.4039,Plaça Josep Trueta (Pujades - Lope de Vega),10,Sant Marti,68,el Poblenou,Urbana,Fons
12,8,Barcelona,19,Barcelona,4,12,2021,1,13,18.0,V,14.0,V,15.0,V,20.0,V,10.0,V,14.0,V,20.0,V,36.0,V,48.0,V,36.0,V,37.0,V,32.0,V,36.0,V,35.0,V,33.0,V,37.0,V,51.0,V,44.0,V,29.0,V,26.0,V,24.0,V,25.0,V,18.0,V,,N,Barcelona - Poblenou,I2,1,8019004,2.2045,41.4039,Plaça Josep Trueta (Pujades - Lope de Vega),10,Sant Marti,68,el Poblenou,Urbana,Fons
13,8,Barcelona,19,Barcelona,4,12,2021,1,14,12.0,V,8.0,V,7.0,V,9.0,V,8.0,V,10.0,V,16.0,V,30.0,V,54.0,V,99.0,V,,N,,N,34.0,V,33.0,V,27.0,V,32.0,V,32.0,V,39.0,V,49.0,V,69.0,V,51.0,V,38.0,V,34.0,V,35.0,V,Barcelona - Poblenou,I2,1,8019004,2.2045,41.4039,Plaça Josep Trueta (Pujades - Lope de Vega),10,Sant Marti,68,el Poblenou,Urbana,Fons
14,8,Barcelona,19,Barcelona,4,12,2021,1,15,19.0,V,13.0,V,12.0,V,15.0,V,26.0,V,47.0,V,63.0,V,120.0,V,151.0,V,225.0,V,275.0,V,212.0,V,53.0,V,54.0,V,68.0,V,67.0,V,37.0,V,39.0,V,55.0,V,161.0,V,271.0,V,242.0,V,155.0,V,,N,Barcelona - Poblenou,I2,1,8019004,2.2045,41.4039,Plaça Josep Trueta (Pujades - Lope de Vega),10,Sant Marti,68,el Poblenou,Urbana,Fons
15,8,Barcelona,19,Barcelona,4,12,2021,1,16,119.0,V,78.0,V,78.0,V,55.0,V,44.0,V,36.0,V,35.0,V,56.0,V,67.0,V,70.0,V,67.0,V,24.0,V,22.0,V,23.0,V,20.0,V,20.0,V,29.0,V,35.0,V,32.0,V,33.0,V,29.0,V,31.0,V,52.0,V,,N,Barcelona - Poblenou,I2,1,8019004,2.2045,41.4039,Plaça Josep Trueta (Pujades - Lope de Vega),10,Sant Marti,68,el Poblenou,Urbana,Fons
16,8,Barcelona,19,Barcelona,4,12,2021,1,17,23.0,V,20.0,V,17.0,V,11.0,V,15.0,V,22.0,V,32.0,V,25.0,V,29.0,V,41.0,V,37.0,V,37.0,V,21.0,V,28.0,V,30.0,V,19.0,V,17.0,V,25.0,V,62.0,V,86.0,V,97.0,V,119.0,V,132.0,V,,N,Barcelona - Poblenou,I2,1,8019004,2.2045,41.4039,Plaça Josep Trueta (Pujades - Lope de Vega),10,Sant Marti,68,el Poblenou,Urbana,Fons
17,8,Barcelona,19,Barcelona,4,12,2021,1,18,76.0,V,48.0,V,42.0,V,41.0,V,32.0,V,53.0,V,78.0,V,145.0,V,220.0,V,246.0,V,242.0,V,180.0,V,99.0,V,38.0,V,58.0,V,56.0,V,56.0,V,96.0,V,130.0,V,205.0,V,237.0,V,157.0,V,156.0,V,,N,Barcelona - Poblenou,I2,1,8019004,2.2045,41.4039,Plaça Josep Trueta (Pujades - Lope de Vega),10,Sant Marti,68,el Poblenou,Urbana,Fons
18,8,Barcelona,19,Barcelona,4,12,2021,1,19,114.0,V,74.0,V,61.0,V,53.0,V,46.0,V,47.0,V,95.0,V,134.0,V,199.0,V,222.0,V,202.0,V,156.0,V,67.0,V,65.0,V,36.0,V,41.0,V,49.0,V,51.0,V,52.0,V,66.0,V,56.0,V,48.0,V,67.0,V,79.0,V,Barcelona - Poblenou,I2,1,8019004,2.2045,41.4039,Plaça Josep Trueta (Pujades - Lope de Vega),10,Sant Marti,68,el Poblenou,Urbana,Fons
19,8,Barcelona,19,Barcelona,4,12,2021,1,20,62.0,V,40.0,V,42.0,V,49.0,V,61.0,V,66.0,V,84.0,V,157.0,V,223.0,V,231.0,V,178.0,V,93.0,V,82.0,V,57.0,V,51.0,V,45.0,V,65.0,V,75.0,V,60.0,V,53.0,V,53.0,V,40.0,V,33.0,V,28.0,V,Barcelona - Poblenou,I2,1,8019004,2.2045,41.4039,Plaça Josep Trueta (Pujades - Lope de Vega),10,Sant Marti,68,el Poblenou,Urbana,Fons
20,8,Barcelona,19,Barcelona,4,12,2021,1,21,48.0,V,60.0,V,48.0,V,61.0,V,52.0,V,62.0,V,106.0,V,213.0,V,121.0,V,173.0,V,160.0,V,93.0,V,94.0,V,67.0,V,40.0,V,62.0,V,82.0,V,94.0,V,136.0,V,201.0,V,163.0,V,250.0,V,212.0,V,119.0,V,Barcelona - Poblenou,I2,1,8019004,2.2045,41.4039,Plaça Josep Trueta (Pujades - Lope de Vega),10,Sant Marti,68,el Poblenou,Urbana,Fons
21,8,Barcelona,19,Barcelona,4,12,2021,1,22,106.0,V,96.0,V,69.0,V,73.0,V,18.0,V,14.0,V,26.0,V,41.0,V,60.0,V,39.0,V,26.0,V,48.0,V,43.0,V,29.0,V,14.0,V,16.0,V,20.0,V,22.0,V,19.0,V,17.0,V,16.0,V,15.0,V,11.0,V,,N,Barcelona - Poblenou,I2,1,8019004,2.2045,41.4039,Plaça Josep Trueta (Pujades - Lope de Vega),10,Sant Marti,68,el Poblenou,Urbana,Fons
22,8,Barcelona,19,Barcelona,4,12,2021,1,23,9.0,V,9.0,V,9.0,V,6.0,V,6.0,V,6.0,V,12.0,V,25.0,V,23.0,V,21.0,V,23.0,V,19.0,V,14.0,V,16.0,V,14.0,V,13.0,V,13.0,V,15.0,V,18.0,V,20.0,V,16.0,V,19.0,V,21.0,V,,N,Barcelona - Poblenou,I2,1,8019004,2.2045,41.4039,Plaça Josep Trueta (Pujades - Lope de Vega),10,Sant Marti,68,el Poblenou,Urbana,Fons
23,8,Barcelona,19,Barcelona,4,12,2021,1,24,22.0,V,22.0,V,21.0,V,10.0,V,5.0,V,5.0,V,3.0,V,4.0,V,4.0,V,9.0,V,7.0,V,11.0,V,11.0,V,16.0,V,17.0,V,11.0,V,12.0,V,14.0,V,18.0,V,17.0,V,32.0,V,31.0,V,23.0,V,,N,Barcelona - Poblenou,I2,1,8019004,2.2045,41.4039,Plaça Josep Trueta (Pujades - Lope de Vega),10,Sant Marti,68,el Poblenou,Urbana,Fons
24,8,Barcelona,19,Barcelona,4,12,2021,1,25,16.0,V,12.0,V,11.0,V,7.0,V,5.0,V,7.0,V,13.0,V,28.0,V,41.0,V,38.0,V,40.0,V,64.0,V,68.0,V,65.0,V,26.0,V,33.0,V,14.0,V,16.0,V,15.0,V,15.0,V,12.0,V,10.0,V,12.0,V,,N,Barcelona - Poblenou,I2,1,8019004,2.2045,41.4039,Plaça Josep Trueta (Pujades - Lope de Vega),10,Sant Marti,68,el Poblenou,Urbana,Fons
25,8,Barcelona,19,Barcelona,4,12,2021,1,26,27.0,V,29.0,V,16.0,V,13.0,V,14.0,V,20.0,V,19.0,V,38.0,V,43.0,V,31.0,V,26.0,V,16.0,V,17.0,V,15.0,V,20.0,V,31.0,V,47.0,V,53.0,V,72.0,V,70.0,V,49.0,V,40.0,V,79.0,V,,N,Barcelona - Poblenou,I2,1,8019004,2.2045,41.4039,Plaça Josep Trueta (Pujades - Lope de Vega),10,Sant Marti,68,el Poblenou,Urbana,Fons
26,8,Barcelona,19,Barcelona,4,12,2021,1,27,86.0,V,50.0,V,32.0,V,36.0,V,35.0,V,35.0,V,71.0,V,86.0,V,141.0,V,192.0,V,194.0,V,158.0,V,64.0,V,39.0,V,22.0,V,21.0,V,29.0,V,30.0,V,69.0,V,91.0,V,148.0,V,252.0,V,295.0,V,205.0,V,Barcelona - Poblenou,I2,1,8019004,2.2045,41.4039,Plaça Josep Trueta (Pujades - Lope de Vega),10,Sant Marti,68,el Poblenou,Urbana,Fons
27,8,Barcelona,19,Barcelona,4,12,2021,1,28,170.0,V,151.0,V,129.0,V,107.0,V,84.0,V,113.0,V,140.0,V,177.0,V,290.0,V,441.0,V,259.0,V,128.0,V,108.0,V,57.0,V,46.0,V,52.0,V,44.0,V,61.0,V,72.0,V,89.0,V,65.0,V,86.0,V,111.0,V,143.0,V,Barcelona - Poblenou,I2,1,8019004,2.2045,41.4039,Plaça Josep Trueta (Pujades - Lope de Vega),10,Sant Marti,68,el Poblenou,Urbana,Fons
28,8,Barcelona,19,Barcelona,4,12,2021,1,29,187.0,V,217.0,V,137.0,V,88.0,V,89.0,V,137.0,V,81.0,V,49.0,V,60.0,V,49.0,V,47.0,V,54.0,V,68.0,V,50.0,V,26.0,V,27.0,V,44.0,V,35.0,V,25.0,V,31.0,V,40.0,V,33.0,V,31.0,V,,N,Barcelona - Poblenou,I2,1,8019004,2.2045,41.4039,Plaça Josep Trueta (Pujades - Lope de Vega),10,Sant Marti,68,el Poblenou,Urbana,Fons
29,8,Barcelona,19,Barcelona,4,12,2021,1,30,69.0,V,105.0,V,84.0,V,76.0,V,53.0,V,62.0,V,59.0,V,91.0,V,126.0,V,42.0,V,15.0,V,18.0,V,17.0,V,15.0,V,12.0,V,11.0,V,12.0,V,17.0,V,17.0,V,12.0,V,22.0,V,20.0,V,17.0,V,,N,Barcelona - Poblenou,I2,1,8019004,2.2045,41.4039,Plaça Josep Trueta (Pujades - Lope de Vega),10,Sant Marti,68,el Poblenou,Urbana,Fons
30,8,Barcelona,19,Barcelona,4,12,2021,1,31,7.0,V,6.0,V,4.0,V,3.0,V,3.0,V,6.0,V,4.0,V,4.0,V,5.0,V,6.0,V,7.0,V,8.0,V,12.0,V,12.0,V,10.0,V,11.0,V,10.0,V,8.0,V,8.0,V,12.0,V,10.0,V,9.0,V,6.0,V,,N,Barcelona - Poblenou,I2,1,8019004,2.2045,41.4039,Plaça Josep Trueta (Pujades - Lope de Vega),10,Sant Marti,68,el Poblenou,Urbana,Fons
31,8,Barcelona,19,Barcelona,42,12,2021,1,1,40.0,V,54.0,V,19.0,V,13.0,V,14.0,V,8.0,V,9.0,V,18.0,V,19.0,V,23.0,V,18.0,V,22.0,V,25.0,V,23.0,V,26.0,V,17.0,V,13.0,V,14.0,V,12.0,V,13.0,V,11.0,V,10.0,V,10.0,V,,N,Barcelona - Sants,ID,1,8019042,2.1331,41.3788,Jardins de Can Mantega (Joan Güell - Violant d’Hongria),3,Sants-Montjuic,18,Sants,Urbana,Fons
32,8,Barcelona,19,Barcelona,42,12,2021,1,2,9.0,V,7.0,V,7.0,V,7.0,V,4.0,V,4.0,V,5.0,V,7.0,V,9.0,V,14.0,V,14.0,V,17.0,V,22.0,V,18.0,V,16.0,V,15.0,V,21.0,V,19.0,V,16.0,V,23.0,V,33.0,V,51.0,V,50.0,V,,N,Barcelona - Sants,ID,1,8019042,2.1331,41.3788,Jardins de Can Mantega (Joan Güell - Violant d’Hongria),3,Sants-Montjuic,18,Sants,Urbana,Fons
33,8,Barcelona,19,Barcelona,42,12,2021,1,3,27.0,V,11.0,V,8.0,V,5.0,V,5.0,V,7.0,V,8.0,V,9.0,V,11.0,V,20.0,V,14.0,V,14.0,V,10.0,V,12.0,V,16.0,V,14.0,V,17.0,V,21.0,V,62.0,V,135.0,V,151.0,V,99.0,V,90.0,V,,N,Barcelona - Sants,ID,1,8019042,2.1331,41.3788,Jardins de Can Mantega (Joan Güell - Violant d’Hongria),3,Sants-Montjuic,18,Sants,Urbana,Fons
34,8,Barcelona,19,Barcelona,42,12,2021,1,4,143.0,V,24.0,V,47.0,V,20.0,V,22.0,V,13.0,V,18.0,V,24.0,V,22.0,V,21.0,V,23.0,V,24.0,V,23.0,V,18.0,V,13.0,V,,N,,N,33.0,V,49.0,V,35.0,V,38.0,V,30.0,V,31.0,V,,N,Barcelona - Sants,ID,1,8019042,2.1331,41.3788,Jardins de Can Mantega (Joan Güell - Violant d’Hongria),3,Sants-Montjuic,18,Sants,Urbana,Fons
35,8,Barcelona,19,Barcelona,42,12,2021,1,5,26.0,V,16.0,V,10.0,V,13.0,V,10.0,V,14.0,V,24.0,V,39.0,V,40.0,V,55.0,V,45.0,V,,N,,N,,N,,N,,N,,N,,N,,N,,N,,N,,N,,N,,N,Barcelona - Sants,ID,1,8019042,2.1331,41.3788,Jardins de Can Mantega (Joan Güell - Violant d’Hongria),3,Sants-Montjuic,18,Sants,Urbana,Fons
36,8,Barcelona,19,Barcelona,42,12,2021,1,6,,N,,N,,N,,N,,N,,N,,N,,N,,N,,N,,N,,N,,N,,N,,N,,N,,N,,N,,N,,N,,N,,N,,N,,N,Barcelona - Sants,ID,1,8019042,2.1331,41.3788,Jardins de Can Mantega (Joan Güell - Violant d’Hongria),3,Sants-Montjuic,18,Sants,Urbana,Fons
37,8,Barcelona,19,Barcelona,42,12,2021,1,7,,N,,N,,N,,N,,N,,N,,N,,N,,N,,N,,N,68.0,V,56.0,V,60.0,V,28.0,V,37.0,V,34.0,V,33.0,V,37.0,V,90.0,V,67.0,V,43.0,V,34.0,V,24.0,V,Barcelona - Sants,ID,1,8019042,2.1331,41.3788,Jardins de Can Mantega (Joan Güell - Violant d’Hongria),3,Sants-Montjuic,18,Sants,Urbana,Fons
38,8,Barcelona,19,Barcelona,42,12,2021,1,8,19.0,V,20.0,V,20.0,V,18.0,V,17.0,V,25.0,V,29.0,V,45.0,V,58.0,V,61.0,V,62.0,V,57.0,V,38.0,V,41.0,V,43.0,V,47.0,V,52.0,V,67.0,V,75.0,V,81.0,V,69.0,V,65.0,V,41.0,V,,N,Barcelona - Sants,ID,1,8019042,2.1331,41.3788,Jardins de Can Mantega (Joan Güell - Violant d’Hongria),3,Sants-Montjuic,18,Sants,Urbana,Fons
39,8,Barcelona,19,Barcelona,42,12,2021,1,9,16.0,V,22.0,V,16.0,V,9.0,V,8.0,V,8.0,V,12.0,V,16.0,V,17.0,V,20.0,V,23.0,V,25.0,V,27.0,V,26.0,V,24.0,V,21.0,V,25.0,V,21.0,V,22.0,V,17.0,V,18.0,V,19.0,V,15.0,V,16.0,V,Barcelona - Sants,ID,1,8019042,2.1331,41.3788,Jardins de Can Mantega (Joan Güell - Violant d’Hongria),3,Sants-Montjuic,18,Sants,Urbana,Fons
40,8,Barcelona,19,Barcelona,42,12,2021,1,10,13.0,V,11.0,V,9.0,V,8.0,V,7.0,V,7.0,V,8.0,V,11.0,V,12.0,V,15.0,V,17.0,V,20.0,V,28.0,V,36.0,V,36.0,V,40.0,V,37.0,V,42.0,V,40.0,V,37.0,V,28.0,V,23.0,V,18.0,V,,N,Barcelona - Sants,ID,1,8019042,2.1331,41.3788,Jardins de Can Mantega (Joan Güell - Violant d’Hongria),3,Sants-Montjuic,18,Sants,Urbana,Fons
41,8,Barcelona,19,Barcelona,42,12,2021,1,11,17.0,V,13.0,V,12.0,V,10.0,V,6.0,V,7.0,V,10.0,V,17.0,V,32.0,V,37.0,V,39.0,V,32.0,V,29.0,V,23.0,V,20.0,V,17.0,V,22.0,V,21.0,V,27.0,V,26.0,V,26.0,V,24.0,V,26.0,V,,N,Barcelona - Sants,ID,1,8019042,2.1331,41.3788,Jardins de Can Mantega (Joan Güell - Violant d’Hongria),3,Sants-Montjuic,18,Sants,Urbana,Fons
42,8,Barcelona,19,Barcelona,42,12,2021,1,12,15.0,V,9.0,V,8.0,V,7.0,V,8.0,V,10.0,V,14.0,V,19.0,V,28.0,V,28.0,V,29.0,V,23.0,V,21.0,V,20.0,V,20.0,V,18.0,V,19.0,V,23.0,V,29.0,V,28.0,V,26.0,V,22.0,V,22.0,V,15.0,V,Barcelona - Sants,ID,1,8019042,2.1331,41.3788,Jardins de Can Mantega (Joan Güell - Violant d’Hongria),3,Sants-Montjuic,18,Sants,Urbana,Fons
43,8,Barcelona,19,Barcelona,42,12,2021,1,13,12.0,V,12.0,V,10.0,V,13.0,V,8.0,V,9.0,V,13.0,V,21.0,V,24.0,V,31.0,V,18.0,V,17.0,V,22.0,V,21.0,V,21.0,V,21.0,V,26.0,V,25.0,V,22.0,V,22.0,V,18.0,V,17.0,V,13.0,V,,N,Barcelona - Sants,ID,1,8019042,2.1331,41.3788,Jardins de Can Mantega (Joan Güell - Violant d’Hongria),3,Sants-Montjuic,18,Sants,Urbana,Fons
44,8,Barcelona,19,Barcelona,42,12,2021,1,14,9.0,V,7.0,V,11.0,V,8.0,V,8.0,V,9.0,V,14.0,V,22.0,V,37.0,V,29.0,V,29.0,V,28.0,V,30.0,V,27.0,V,25.0,V,23.0,V,23.0,V,27.0,V,35.0,V,31.0,V,43.0,V,23.0,V,17.0,V,24.0,V,Barcelona - Sants,ID,1,8019042,2.1331,41.3788,Jardins de Can Mantega (Joan Güell - Violant d’Hongria),3,Sants-Montjuic,18,Sants,Urbana,Fons
45,8,Barcelona,19,Barcelona,42,12,2021,1,15,25.0,V,17.0,V,12.0,V,9.0,V,15.0,V,10.0,V,15.0,V,27.0,V,57.0,V,54.0,V,44.0,V,43.0,V,32.0,V,28.0,V,30.0,V,31.0,V,51.0,V,56.0,V,57.0,V,102.0,V,172.0,V,161.0,V,199.0,V,,N,Barcelona - Sants,ID,1,8019042,2.1331,41.3788,Jardins de Can Mantega (Joan Güell - Violant d’Hongria),3,Sants-Montjuic,18,Sants,Urbana,Fons
46,8,Barcelona,19,Barcelona,42,12,2021,1,16,83.0,V,20.0,V,17.0,V,23.0,V,24.0,V,20.0,V,21.0,V,33.0,V,26.0,V,22.0,V,20.0,V,15.0,V,14.0,V,14.0,V,14.0,V,15.0,V,19.0,V,28.0,V,29.0,V,21.0,V,21.0,V,21.0,V,35.0,V,,N,Barcelona - Sants,ID,1,8019042,2.1331,41.3788,Jardins de Can Mantega (Joan Güell - Violant d’Hongria),3,Sants-Montjuic,18,Sants,Urbana,Fons
47,8,Barcelona,19,Barcelona,42,12,2021,1,17,19.0,V,26.0,V,12.0,V,9.0,V,11.0,V,8.0,V,11.0,V,11.0,V,23.0,V,29.0,V,20.0,V,11.0,V,11.0,V,14.0,V,11.0,V,10.0,V,25.0,V,48.0,V,70.0,V,72.0,V,77.0,V,62.0,V,70.0,V,,N,Barcelona - Sants,ID,1,8019042,2.1331,41.3788,Jardins de Can Mantega (Joan Güell - Violant d’Hongria),3,Sants-Montjuic,18,Sants,Urbana,Fons
48,8,Barcelona,19,Barcelona,42,12,2021,1,18,92.0,V,103.0,V,128.0,V,100.0,V,113.0,V,49.0,V,53.0,V,111.0,V,256.0,V,300.0,V,,N,,N,35.0,V,49.0,V,41.0,V,34.0,V,34.0,V,45.0,V,67.0,V,94.0,V,82.0,V,108.0,V,110.0,V,,N,Barcelona - Sants,ID,1,8019042,2.1331,41.3788,Jardins de Can Mantega (Joan Güell - Violant d’Hongria),3,Sants-Montjuic,18,Sants,Urbana,Fons
49,8,Barcelona,19,Barcelona,42,12,2021,1,19,44.0,V,20.0,V,20.0,V,22.0,V,21.0,V,29.0,V,49.0,V,132.0,V,188.0,V,254.0,V,242.0,V,43.0,V,33.0,V,32.0,V,12.0,V,16.0,V,18.0,V,22.0,V,42.0,V,53.0,V,53.0,V,30.0,V,25.0,V,17.0,V,Barcelona - Sants,ID,1,8019042,2.1331,41.3788,Jardins de Can Mantega (Joan Güell - Violant d’Hongria),3,Sants-Montjuic,18,Sants,Urbana,Fons
50,8,Barcelona,19,Barcelona,42,12,2021,1,20,15.0,V,14.0,V,16.0,V,38.0,V,52.0,V,68.0,V,92.0,V,130.0,V,210.0,V,202.0,V,87.0,V,57.0,V,62.0,V,42.0,V,19.0,V,19.0,V,29.0,V,24.0,V,33.0,V,36.0,V,40.0,V,26.0,V,23.0,V,27.0,V,Barcelona - Sants,ID,1,8019042,2.1331,41.3788,Jardins de Can Mantega (Joan Güell - Violant d’Hongria),3,Sants-Montjuic,18,Sants,Urbana,Fons
51,8,Barcelona,19,Barcelona,42,12,2021,1,21,31.0,V,28.0,V,30.0,V,41.0,V,48.0,V,65.0,V,78.0,V,38.0,V,58.0,V,378.0,V,161.0,V,50.0,V,36.0,V,32.0,V,19.0,V,27.0,V,35.0,V,36.0,V,62.0,V,88.0,V,162.0,V,146.0,V,163.0,V,65.0,V,Barcelona - Sants,ID,1,8019042,2.1331,41.3788,Jardins de Can Mantega (Joan Güell - Violant d’Hongria),3,Sants-Montjuic,18,Sants,Urbana,Fons
52,8,Barcelona,19,Barcelona,42,12,2021,1,22,23.0,V,18.0,V,36.0,V,17.0,V,10.0,V,7.0,V,9.0,V,18.0,V,31.0,V,17.0,V,22.0,V,34.0,V,21.0,V,14.0,V,9.0,V,10.0,V,16.0,V,15.0,V,17.0,V,13.0,V,17.0,V,13.0,V,6.0,V,,N,Barcelona - Sants,ID,1,8019042,2.1331,41.3788,Jardins de Can Mantega (Joan Güell - Violant d’Hongria),3,Sants-Montjuic,18,Sants,Urbana,Fons
53,8,Barcelona,19,Barcelona,42,12,2021,1,23,7.0,V,3.0,V,3.0,V,5.0,V,6.0,V,10.0,V,15.0,V,20.0,V,16.0,V,19.0,V,12.0,V,10.0,V,10.0,V,10.0,V,8.0,V,7.0,V,8.0,V,13.0,V,11.0,V,12.0,V,16.0,V,17.0,V,19.0,V,,N,Barcelona - Sants,ID,1,8019042,2.1331,41.3788,Jardins de Can Mantega (Joan Güell - Violant d’Hongria),3,Sants-Montjuic,18,Sants,Urbana,Fons
54,8,Barcelona,19,Barcelona,42,12,2021,1,24,19.0,V,13.0,V,15.0,V,12.0,V,10.0,V,6.0,V,3.0,V,2.0,V,3.0,V,9.0,V,13.0,V,13.0,V,11.0,V,10.0,V,9.0,V,6.0,V,7.0,V,9.0,V,14.0,V,18.0,V,21.0,V,15.0,V,17.0,V,,N,Barcelona - Sants,ID,1,8019042,2.1331,41.3788,Jardins de Can Mantega (Joan Güell - Violant d’Hongria),3,Sants-Montjuic,18,Sants,Urbana,Fons
55,8,Barcelona,19,Barcelona,42,12,2021,1,25,9.0,V,10.0,V,10.0,V,6.0,V,3.0,V,4.0,V,7.0,V,30.0,V,27.0,V,25.0,V,28.0,V,38.0,V,41.0,V,34.0,V,17.0,V,23.0,V,25.0,V,21.0,V,22.0,V,19.0,V,20.0,V,17.0,V,18.0,V,,N,Barcelona - Sants,ID,1,8019042,2.1331,41.3788,Jardins de Can Mantega (Joan Güell - Violant d’Hongria),3,Sants-Montjuic,18,Sants,Urbana,Fons
56,8,Barcelona,19,Barcelona,42,12,2021,1,26,20.0,V,14.0,V,14.0,V,7.0,V,12.0,V,11.0,V,17.0,V,32.0,V,38.0,V,28.0,V,20.0,V,20.0,V,22.0,V,21.0,V,34.0,V,24.0,V,21.0,V,31.0,V,46.0,V,55.0,V,49.0,V,36.0,V,30.0,V,,N,Barcelona - Sants,ID,1,8019042,2.1331,41.3788,Jardins de Can Mantega (Joan Güell - Violant d’Hongria),3,Sants-Montjuic,18,Sants,Urbana,Fons
57,8,Barcelona,19,Barcelona,42,12,2021,1,27,32.0,V,17.0,V,28.0,V,28.0,V,22.0,V,26.0,V,44.0,V,74.0,V,115.0,V,78.0,V,107.0,V,145.0,V,158.0,V,170.0,V,83.0,V,54.0,V,66.0,V,41.0,V,64.0,V,111.0,V,164.0,V,228.0,V,270.0,V,262.0,V,Barcelona - Sants,ID,1,8019042,2.1331,41.3788,Jardins de Can Mantega (Joan Güell - Violant d’Hongria),3,Sants-Montjuic,18,Sants,Urbana,Fons
58,8,Barcelona,19,Barcelona,42,12,2021,1,28,283.0,V,190.0,V,78.0,V,66.0,V,51.0,V,45.0,V,56.0,V,159.0,V,195.0,V,183.0,V,49.0,V,37.0,V,60.0,V,105.0,V,88.0,V,107.0,V,63.0,V,89.0,V,111.0,V,131.0,V,96.0,V,73.0,V,85.0,V,145.0,V,Barcelona - Sants,ID,1,8019042,2.1331,41.3788,Jardins de Can Mantega (Joan Güell - Violant d’Hongria),3,Sants-Montjuic,18,Sants,Urbana,Fons
59,8,Barcelona,19,Barcelona,42,12,2021,1,29,160.0,V,158.0,V,147.0,V,101.0,V,62.0,V,6.0,V,10.0,V,20.0,V,38.0,V,37.0,V,37.0,V,30.0,V,28.0,V,20.0,V,13.0,V,16.0,V,23.0,V,20.0,V,53.0,V,51.0,V,57.0,V,37.0,V,54.0,V,,N,Barcelona - Sants,ID,1,8019042,2.1331,41.3788,Jardins de Can Mantega (Joan Güell - Violant d’Hongria),3,Sants-Montjuic,18,Sants,Urbana,Fons
60,8,Barcelona,19,Barcelona,42,12,2021,1,30,70.0,V,73.0,V,78.0,V,73.0,V,65.0,V,65.0,V,40.0,V,58.0,V,25.0,V,26.0,V,9.0,V,11.0,V,10.0,V,8.0,V,5.0,V,5.0,V,6.0,V,9.0,V,17.0,V,9.0,V,8.0,V,10.0,V,5.0,V,,N,Barcelona - Sants,ID,1,8019042,2.1331,41.3788,Jardins de Can Mantega (Joan Güell - Violant d’Hongria),3,Sants-Montjuic,18,Sants,Urbana,Fons
61,8,Barcelona,19,Barcelona,42,12,2021,1,31,6.0,V,2.0,V,2.0,V,3.0,V,3.0,V,2.0,V,2.0,V,2.0,V,2.0,V,2.0,V,3.0,V,3.0,V,4.0,V,6.0,V,6.0,V,3.0,V,4.0,V,4.0,V,3.0,V,5.0,V,4.0,V,5.0,V,11.0,V,,N,Barcelona - Sants,ID,1,8019042,2.1331,41.3788,Jardins de Can Mantega (Joan Güell - Violant d’Hongria),3,Sants-Montjuic,18,Sants,Urbana,Fons
62,8,Barcelona,19,Barcelona,43,12,2021,1,1,52.0,V,43.0,V,45.0,V,16.0,V,14.0,V,13.0,V,14.0,V,25.0,V,26.0,V,27.0,V,29.0,V,30.0,V,38.0,V,48.0,V,39.0,V,46.0,V,33.0,V,25.0,V,31.0,V,32.0,V,33.0,V,43.0,V,30.0,V,,N,Barcelona - Eixample,IH,1,8019043,2.1538,41.3853,Av. Roma - c/ Comte Urgell,5,Eixample,9,la Nova Esquerra de l'Eixample,Urbana,Trànsit
63,8,Barcelona,19,Barcelona,43,12,2021,1,2,12.0,V,13.0,V,19.0,V,9.0,V,8.0,V,11.0,V,9.0,V,13.0,V,17.0,V,25.0,V,28.0,V,41.0,V,38.0,V,33.0,V,49.0,V,35.0,V,39.0,V,32.0,V,46.0,V,60.0,V,68.0,V,66.0,V,57.0,V,,N,Barcelona - Eixample,IH,1,8019043,2.1538,41.3853,Av. Roma - c/ Comte Urgell,5,Eixample,9,la Nova Esquerra de l'Eixample,Urbana,Trànsit
64,8,Barcelona,19,Barcelona,43,12,2021,1,3,30.0,V,18.0,V,12.0,V,10.0,V,9.0,V,9.0,V,15.0,V,16.0,V,19.0,V,34.0,V,32.0,V,22.0,V,30.0,V,28.0,V,39.0,V,36.0,V,41.0,V,39.0,V,82.0,V,150.0,V,224.0,V,126.0,V,80.0,V,,N,Barcelona - Eixample,IH,1,8019043,2.1538,41.3853,Av. Roma - c/ Comte Urgell,5,Eixample,9,la Nova Esquerra de l'Eixample,Urbana,Trànsit
65,8,Barcelona,19,Barcelona,43,12,2021,1,4,127.0,V,56.0,V,53.0,V,63.0,V,24.0,V,23.0,V,27.0,V,40.0,V,77.0,V,84.0,V,88.0,V,87.0,V,53.0,V,41.0,V,42.0,V,31.0,V,50.0,V,45.0,V,72.0,V,53.0,V,40.0,V,43.0,V,44.0,V,,N,Barcelona - Eixample,IH,1,8019043,2.1538,41.3853,Av. Roma - c/ Comte Urgell,5,Eixample,9,la Nova Esquerra de l'Eixample,Urbana,Trànsit
66,8,Barcelona,19,Barcelona,43,12,2021,1,5,38.0,V,28.0,V,26.0,V,16.0,V,12.0,V,19.0,V,28.0,V,63.0,V,55.0,V,89.0,V,104.0,V,86.0,V,65.0,V,81.0,V,67.0,V,76.0,V,96.0,V,66.0,V,92.0,V,82.0,V,57.0,V,69.0,V,42.0,V,37.0,V,Barcelona - Eixample,IH,1,8019043,2.1538,41.3853,Av. Roma - c/ Comte Urgell,5,Eixample,9,la Nova Esquerra de l'Eixample,Urbana,Trànsit
67,8,Barcelona,19,Barcelona,43,12,2021,1,6,40.0,V,40.0,V,29.0,V,24.0,V,19.0,V,17.0,V,27.0,V,46.0,V,54.0,V,57.0,V,50.0,V,44.0,V,62.0,V,77.0,V,70.0,V,31.0,V,36.0,V,62.0,V,114.0,V,119.0,V,84.0,V,68.0,V,64.0,V,,N,Barcelona - Eixample,IH,1,8019043,2.1538,41.3853,Av. Roma - c/ Comte Urgell,5,Eixample,9,la Nova Esquerra de l'Eixample,Urbana,Trànsit
68,8,Barcelona,19,Barcelona,43,12,2021,1,7,27.0,V,30.0,V,30.0,V,27.0,V,23.0,V,33.0,V,51.0,V,93.0,V,106.0,V,130.0,V,128.0,V,146.0,V,111.0,V,104.0,V,86.0,V,,N,,N,93.0,V,95.0,V,131.0,V,103.0,V,55.0,V,39.0,V,29.0,V,Barcelona - Eixample,IH,1,8019043,2.1538,41.3853,Av. Roma - c/ Comte Urgell,5,Eixample,9,la Nova Esquerra de l'Eixample,Urbana,Trànsit
69,8,Barcelona,19,Barcelona,43,12,2021,1,8,24.0,V,27.0,V,21.0,V,22.0,V,19.0,V,30.0,V,32.0,V,44.0,V,65.0,V,76.0,V,113.0,V,91.0,V,76.0,V,54.0,V,67.0,V,73.0,V,77.0,V,98.0,V,97.0,V,116.0,V,102.0,V,64.0,V,41.0,V,,N,Barcelona - Eixample,IH,1,8019043,2.1538,41.3853,Av. Roma - c/ Comte Urgell,5,Eixample,9,la Nova Esquerra de l'Eixample,Urbana,Trànsit
70,8,Barcelona,19,Barcelona,43,12,2021,1,9,17.0,V,24.0,V,19.0,V,12.0,V,13.0,V,12.0,V,15.0,V,18.0,V,21.0,V,31.0,V,26.0,V,31.0,V,33.0,V,36.0,V,32.0,V,24.0,V,26.0,V,22.0,V,22.0,V,18.0,V,20.0,V,22.0,V,14.0,V,16.0,V,Barcelona - Eixample,IH,1,8019043,2.1538,41.3853,Av. Roma - c/ Comte Urgell,5,Eixample,9,la Nova Esquerra de l'Eixample,Urbana,Trànsit
71,8,Barcelona,19,Barcelona,43,12,2021,1,10,12.0,V,12.0,V,11.0,V,9.0,V,8.0,V,7.0,V,10.0,V,12.0,V,16.0,V,17.0,V,19.0,V,25.0,V,38.0,V,56.0,V,55.0,V,52.0,V,66.0,V,59.0,V,62.0,V,51.0,V,32.0,V,32.0,V,32.0,V,,N,Barcelona - Eixample,IH,1,8019043,2.1538,41.3853,Av. Roma - c/ Comte Urgell,5,Eixample,9,la Nova Esquerra de l'Eixample,Urbana,Trànsit
72,8,Barcelona,19,Barcelona,43,12,2021,1,11,17.0,V,19.0,V,14.0,V,11.0,V,10.0,V,12.0,V,20.0,V,38.0,V,46.0,V,71.0,V,70.0,V,61.0,V,41.0,V,53.0,V,70.0,V,58.0,V,62.0,V,40.0,V,43.0,V,40.0,V,35.0,V,35.0,V,29.0,V,,N,Barcelona - Eixample,IH,1,8019043,2.1538,41.3853,Av. Roma - c/ Comte Urgell,5,Eixample,9,la Nova Esquerra de l'Eixample,Urbana,Trànsit
73,8,Barcelona,19,Barcelona,43,12,2021,1,12,16.0,V,14.0,V,14.0,V,10.0,V,13.0,V,16.0,V,21.0,V,32.0,V,50.0,V,41.0,V,36.0,V,35.0,V,39.0,V,41.0,V,49.0,V,34.0,V,38.0,V,47.0,V,67.0,V,41.0,V,48.0,V,44.0,V,40.0,V,19.0,V,Barcelona - Eixample,IH,1,8019043,2.1538,41.3853,Av. Roma - c/ Comte Urgell,5,Eixample,9,la Nova Esquerra de l'Eixample,Urbana,Trànsit
74,8,Barcelona,19,Barcelona,43,12,2021,1,13,14.0,V,16.0,V,12.0,V,14.0,V,10.0,V,27.0,V,39.0,V,33.0,V,42.0,V,51.0,V,43.0,V,33.0,V,37.0,V,42.0,V,33.0,V,31.0,V,39.0,V,59.0,V,65.0,V,59.0,V,45.0,V,44.0,V,45.0,V,,N,Barcelona - Eixample,IH,1,8019043,2.1538,41.3853,Av. Roma - c/ Comte Urgell,5,Eixample,9,la Nova Esquerra de l'Eixample,Urbana,Trànsit
75,8,Barcelona,19,Barcelona,43,12,2021,1,14,15.0,V,14.0,V,36.0,V,43.0,V,13.0,V,14.0,V,21.0,V,47.0,V,55.0,V,49.0,V,81.0,V,72.0,V,72.0,V,56.0,V,47.0,V,58.0,V,65.0,V,47.0,V,58.0,V,46.0,V,53.0,V,44.0,V,81.0,V,40.0,V,Barcelona - Eixample,IH,1,8019043,2.1538,41.3853,Av. Roma - c/ Comte Urgell,5,Eixample,9,la Nova Esquerra de l'Eixample,Urbana,Trànsit
76,8,Barcelona,19,Barcelona,43,12,2021,1,15,20.0,V,15.0,V,14.0,V,30.0,V,23.0,V,16.0,V,20.0,V,51.0,V,86.0,V,121.0,V,121.0,V,82.0,V,61.0,V,60.0,V,76.0,V,74.0,V,112.0,V,123.0,V,150.0,V,256.0,V,273.0,V,259.0,V,256.0,V,,N,Barcelona - Eixample,IH,1,8019043,2.1538,41.3853,Av. Roma - c/ Comte Urgell,5,Eixample,9,la Nova Esquerra de l'Eixample,Urbana,Trànsit
77,8,Barcelona,19,Barcelona,43,12,2021,1,16,132.0,V,95.0,V,115.0,V,102.0,V,59.0,V,57.0,V,86.0,V,92.0,V,42.0,V,42.0,V,33.0,V,22.0,V,47.0,V,57.0,V,51.0,V,31.0,V,35.0,V,43.0,V,31.0,V,34.0,V,34.0,V,39.0,V,76.0,V,,N,Barcelona - Eixample,IH,1,8019043,2.1538,41.3853,Av. Roma - c/ Comte Urgell,5,Eixample,9,la Nova Esquerra de l'Eixample,Urbana,Trànsit
78,8,Barcelona,19,Barcelona,43,12,2021,1,17,46.0,V,35.0,V,24.0,V,11.0,V,17.0,V,7.0,V,24.0,V,37.0,V,77.0,V,87.0,V,63.0,V,52.0,V,25.0,V,24.0,V,35.0,V,25.0,V,55.0,V,66.0,V,122.0,V,115.0,V,112.0,V,103.0,V,110.0,V,,N,Barcelona - Eixample,IH,1,8019043,2.1538,41.3853,Av. Roma - c/ Comte Urgell,5,Eixample,9,la Nova Esquerra de l'Eixample,Urbana,Trànsit
79,8,Barcelona,19,Barcelona,43,12,2021,1,18,113.0,V,289.0,V,225.0,V,192.0,V,121.0,V,82.0,V,130.0,V,176.0,V,287.0,V,473.0,V,,N,,N,69.0,V,139.0,V,70.0,V,84.0,V,107.0,V,107.0,V,106.0,V,135.0,V,183.0,V,142.0,V,132.0,V,,N,Barcelona - Eixample,IH,1,8019043,2.1538,41.3853,Av. Roma - c/ Comte Urgell,5,Eixample,9,la Nova Esquerra de l'Eixample,Urbana,Trànsit
80,8,Barcelona,19,Barcelona,43,12,2021,1,19,74.0,V,26.0,V,35.0,V,32.0,V,49.0,V,57.0,V,72.0,V,200.0,V,354.0,V,193.0,V,112.0,V,58.0,V,43.0,V,41.0,V,29.0,V,33.0,V,49.0,V,60.0,V,53.0,V,70.0,V,62.0,V,38.0,V,29.0,V,32.0,V,Barcelona - Eixample,IH,1,8019043,2.1538,41.3853,Av. Roma - c/ Comte Urgell,5,Eixample,9,la Nova Esquerra de l'Eixample,Urbana,Trànsit
81,8,Barcelona,19,Barcelona,43,12,2021,1,20,28.0,V,25.0,V,40.0,V,33.0,V,56.0,V,105.0,V,119.0,V,183.0,V,156.0,V,153.0,V,100.0,V,90.0,V,87.0,V,67.0,V,46.0,V,52.0,V,52.0,V,50.0,V,53.0,V,55.0,V,55.0,V,39.0,V,32.0,V,31.0,V,Barcelona - Eixample,IH,1,8019043,2.1538,41.3853,Av. Roma - c/ Comte Urgell,5,Eixample,9,la Nova Esquerra de l'Eixample,Urbana,Trànsit
82,8,Barcelona,19,Barcelona,43,12,2021,1,21,31.0,V,42.0,V,47.0,V,36.0,V,91.0,V,47.0,V,84.0,V,193.0,V,139.0,V,261.0,V,200.0,V,71.0,V,68.0,V,39.0,V,35.0,V,48.0,V,63.0,V,48.0,V,94.0,V,183.0,V,202.0,V,154.0,V,156.0,V,94.0,V,Barcelona - Eixample,IH,1,8019043,2.1538,41.3853,Av. Roma - c/ Comte Urgell,5,Eixample,9,la Nova Esquerra de l'Eixample,Urbana,Trànsit
83,8,Barcelona,19,Barcelona,43,12,2021,1,22,35.0,V,47.0,V,88.0,V,48.0,V,11.0,V,11.0,V,14.0,V,39.0,V,58.0,V,39.0,V,38.0,V,47.0,V,36.0,V,32.0,V,30.0,V,44.0,V,47.0,V,40.0,V,32.0,V,36.0,V,26.0,V,26.0,V,22.0,V,,N,Barcelona - Eixample,IH,1,8019043,2.1538,41.3853,Av. Roma - c/ Comte Urgell,5,Eixample,9,la Nova Esquerra de l'Eixample,Urbana,Trànsit
84,8,Barcelona,19,Barcelona,43,12,2021,1,23,10.0,V,8.0,V,8.0,V,9.0,V,8.0,V,11.0,V,18.0,V,19.0,V,21.0,V,26.0,V,24.0,V,23.0,V,27.0,V,31.0,V,25.0,V,16.0,V,24.0,V,34.0,V,19.0,V,23.0,V,26.0,V,34.0,V,30.0,V,,N,Barcelona - Eixample,IH,1,8019043,2.1538,41.3853,Av. Roma - c/ Comte Urgell,5,Eixample,9,la Nova Esquerra de l'Eixample,Urbana,Trànsit
85,8,Barcelona,19,Barcelona,43,12,2021,1,24,39.0,V,19.0,V,22.0,V,12.0,V,7.0,V,3.0,V,7.0,V,9.0,V,9.0,V,13.0,V,17.0,V,18.0,V,28.0,V,27.0,V,21.0,V,15.0,V,14.0,V,20.0,V,25.0,V,24.0,V,30.0,V,21.0,V,24.0,V,,N,Barcelona - Eixample,IH,1,8019043,2.1538,41.3853,Av. Roma - c/ Comte Urgell,5,Eixample,9,la Nova Esquerra de l'Eixample,Urbana,Trànsit
86,8,Barcelona,19,Barcelona,43,12,2021,1,25,13.0,V,12.0,V,14.0,V,4.0,V,5.0,V,10.0,V,17.0,V,76.0,V,145.0,V,61.0,V,53.0,V,49.0,V,55.0,V,45.0,V,23.0,V,75.0,V,50.0,V,57.0,V,72.0,V,45.0,V,42.0,V,31.0,V,15.0,V,,N,Barcelona - Eixample,IH,1,8019043,2.1538,41.3853,Av. Roma - c/ Comte Urgell,5,Eixample,9,la Nova Esquerra de l'Eixample,Urbana,Trànsit
87,8,Barcelona,19,Barcelona,43,12,2021,1,26,20.0,V,17.0,V,13.0,V,9.0,V,12.0,V,13.0,V,18.0,V,87.0,V,103.0,V,67.0,V,53.0,V,53.0,V,46.0,V,53.0,V,67.0,V,49.0,V,30.0,V,41.0,V,54.0,V,62.0,V,53.0,V,40.0,V,39.0,V,,N,Barcelona - Eixample,IH,1,8019043,2.1538,41.3853,Av. Roma - c/ Comte Urgell,5,Eixample,9,la Nova Esquerra de l'Eixample,Urbana,Trànsit
88,8,Barcelona,19,Barcelona,43,12,2021,1,27,38.0,V,37.0,V,46.0,V,36.0,V,39.0,V,29.0,V,36.0,V,40.0,V,190.0,V,210.0,V,132.0,V,211.0,V,153.0,V,150.0,V,68.0,V,62.0,V,84.0,V,63.0,V,156.0,V,148.0,V,207.0,V,243.0,V,324.0,V,233.0,V,Barcelona - Eixample,IH,1,8019043,2.1538,41.3853,Av. Roma - c/ Comte Urgell,5,Eixample,9,la Nova Esquerra de l'Eixample,Urbana,Trànsit
89,8,Barcelona,19,Barcelona,43,12,2021,1,28,280.0,V,312.0,V,296.0,V,265.0,V,180.0,V,138.0,V,148.0,V,252.0,V,354.0,V,368.0,V,126.0,V,64.0,V,139.0,V,119.0,V,172.0,V,109.0,V,127.0,V,162.0,V,160.0,V,179.0,V,131.0,V,114.0,V,144.0,V,135.0,V,Barcelona - Eixample,IH,1,8019043,2.1538,41.3853,Av. Roma - c/ Comte Urgell,5,Eixample,9,la Nova Esquerra de l'Eixample,Urbana,Trànsit
90,8,Barcelona,19,Barcelona,43,12,2021,1,29,174.0,V,170.0,V,135.0,V,93.0,V,89.0,V,25.0,V,26.0,V,58.0,V,150.0,V,98.0,V,110.0,V,85.0,V,38.0,V,42.0,V,37.0,V,43.0,V,40.0,V,136.0,V,102.0,V,98.0,V,102.0,V,58.0,V,54.0,V,,N,Barcelona - Eixample,IH,1,8019043,2.1538,41.3853,Av. Roma - c/ Comte Urgell,5,Eixample,9,la Nova Esquerra de l'Eixample,Urbana,Trànsit
91,8,Barcelona,19,Barcelona,43,12,2021,1,30,64.0,V,74.0,V,94.0,V,90.0,V,84.0,V,102.0,V,107.0,V,129.0,V,73.0,V,50.0,V,36.0,V,22.0,V,26.0,V,20.0,V,23.0,V,16.0,V,25.0,V,21.0,V,23.0,V,27.0,V,25.0,V,30.0,V,17.0,V,,N,Barcelona - Eixample,IH,1,8019043,2.1538,41.3853,Av. Roma - c/ Comte Urgell,5,Eixample,9,la Nova Esquerra de l'Eixample,Urbana,Trànsit
92,8,Barcelona,19,Barcelona,43,12,2021,1,31,12.0,V,11.0,V,11.0,V,10.0,V,5.0,V,5.0,V,6.0,V,9.0,V,13.0,V,14.0,V,15.0,V,20.0,V,16.0,V,22.0,V,25.0,V,12.0,V,21.0,V,23.0,V,21.0,V,11.0,V,19.0,V,18.0,V,16.0,V,,N,Barcelona - Eixample,IH,1,8019043,2.1538,41.3853,Av. Roma - c/ Comte Urgell,5,Eixample,9,la Nova Esquerra de l'Eixample,Urbana,Trànsit
93,8,Barcelona,19,Barcelona,44,12,2021,1,1,38.0,V,26.0,V,16.0,V,26.0,V,22.0,V,17.0,V,13.0,V,17.0,V,20.0,V,22.0,V,21.0,V,31.0,V,35.0,V,44.0,V,45.0,V,28.0,V,27.0,V,18.0,V,25.0,V,36.0,V,25.0,V,19.0,V,16.0,V,,N,Barcelona - Gràcia,IJ,1,8019044,2.1534,41.3987,Plaça Gal·la Placídia (Via Augusta - Travessera de Gràcia),6,Gracia,31,la Vila de Gracia,Urbana,Trànsit
94,8,Barcelona,19,Barcelona,44,12,2021,1,2,11.0,V,16.0,V,10.0,V,11.0,V,8.0,V,14.0,V,11.0,V,18.0,V,18.0,V,25.0,V,28.0,V,34.0,V,45.0,V,36.0,V,30.0,V,28.0,V,27.0,V,35.0,V,39.0,V,56.0,V,64.0,V,58.0,V,64.0,V,,N,Barcelona - Gràcia,IJ,1,8019044,2.1534,41.3987,Plaça Gal·la Placídia (Via Augusta - Travessera de Gràcia),6,Gracia,31,la Vila de Gracia,Urbana,Trànsit
95,8,Barcelona,19,Barcelona,44,12,2021,1,3,31.0,V,13.0,V,6.0,V,7.0,V,7.0,V,8.0,V,10.0,V,15.0,V,22.0,V,17.0,V,18.0,V,24.0,V,22.0,V,21.0,V,29.0,V,28.0,V,30.0,V,52.0,V,79.0,V,138.0,V,148.0,V,105.0,V,120.0,V,,N,Barcelona - Gràcia,IJ,1,8019044,2.1534,41.3987,Plaça Gal·la Placídia (Via Augusta - Travessera de Gràcia),6,Gracia,31,la Vila de Gracia,Urbana,Trànsit
96,8,Barcelona,19,Barcelona,44,12,2021,1,4,82.0,V,50.0,V,40.0,V,25.0,V,25.0,V,24.0,V,19.0,V,49.0,V,65.0,V,85.0,V,79.0,V,58.0,V,,N,,N,27.0,V,26.0,V,28.0,V,44.0,V,64.0,V,56.0,V,49.0,V,47.0,V,47.0,V,,N,Barcelona - Gràcia,IJ,1,8019044,2.1534,41.3987,Plaça Gal·la Placídia (Via Augusta - Travessera de Gràcia),6,Gracia,31,la Vila de Gracia,Urbana,Trànsit
97,8,Barcelona,19,Barcelona,44,12,2021,1,5,39.0,V,28.0,V,20.0,V,13.0,V,11.0,V,23.0,V,40.0,V,67.0,V,79.0,V,100.0,V,87.0,V,75.0,V,80.0,V,73.0,V,60.0,V,56.0,V,62.0,V,53.0,V,63.0,V,69.0,V,44.0,V,59.0,V,38.0,V,33.0,V,Barcelona - Gràcia,IJ,1,8019044,2.1534,41.3987,Plaça Gal·la Placídia (Via Augusta - Travessera de Gràcia),6,Gracia,31,la Vila de Gracia,Urbana,Trànsit
98,8,Barcelona,19,Barcelona,44,12,2021,1,6,26.0,V,31.0,V,32.0,V,25.0,V,16.0,V,19.0,V,22.0,V,23.0,V,29.0,V,33.0,V,47.0,V,41.0,V,27.0,V,40.0,V,39.0,V,29.0,V,33.0,V,46.0,V,124.0,V,144.0,V,58.0,V,49.0,V,47.0,V,,N,Barcelona - Gràcia,IJ,1,8019044,2.1534,41.3987,Plaça Gal·la Placídia (Via Augusta - Travessera de Gràcia),6,Gracia,31,la Vila de Gracia,Urbana,Trànsit
99,8,Barcelona,19,Barcelona,44,12,2021,1,7,23.0,V,22.0,V,23.0,V,25.0,V,21.0,V,23.0,V,34.0,V,60.0,V,89.0,V,114.0,V,124.0,V,130.0,V,102.0,V,96.0,V,82.0,V,86.0,V,98.0,V,87.0,V,80.0,V,167.0,V,133.0,V,90.0,V,56.0,V,27.0,V,Barcelona - Gràcia,IJ,1,8019044,2.1534,41.3987,Plaça Gal·la Placídia (Via Augusta - Travessera de Gràcia),6,Gracia,31,la Vila de Gracia,Urbana,Trànsit
100,8,Barcelona,19,Barcelona,44,12,2021,1,8,30.0,V,38.0,V,24.0,V,26.0,V,22.0,V,31.0,V,48.0,V,73.0,V,109.0,V,99.0,V,102.0,V,87.0,V,94.0,V,65.0,V,70.0,V,63.0,V,95.0,V,121.0,V,116.0,V,110.0,V,113.0,V,88.0,V,49.0,V,,N,Barcelona - Gràcia,IJ,1,8019044,2.1534,41.3987,Plaça Gal·la Placídia (Via Augusta - Travessera de Gràcia),6,Gracia,31,la Vila de Gracia,Urbana,Trànsit
101,8,Barcelona,19,Barcelona,44,12,2021,1,9,22.0,V,17.0,V,13.0,V,9.0,V,9.0,V,11.0,V,16.0,V,16.0,V,22.0,V,19.0,V,19.0,V,21.0,V,26.0,V,22.0,V,21.0,V,24.0,V,22.0,V,20.0,V,20.0,V,16.0,V,17.0,V,19.0,V,21.0,V,18.0,V,Barcelona - Gràcia,IJ,1,8019044,2.1534,41.3987,Plaça Gal·la Placídia (Via Augusta - Travessera de Gràcia),6,Gracia,31,la Vila de Gracia,Urbana,Trànsit
102,8,Barcelona,19,Barcelona,44,12,2021,1,10,13.0,V,10.0,V,11.0,V,8.0,V,7.0,V,8.0,V,8.0,V,8.0,V,14.0,V,15.0,V,20.0,V,21.0,V,46.0,V,45.0,V,67.0,V,67.0,V,81.0,V,78.0,V,68.0,V,50.0,V,59.0,V,93.0,V,65.0,V,,N,Barcelona - Gràcia,IJ,1,8019044,2.1534,41.3987,Plaça Gal·la Placídia (Via Augusta - Travessera de Gràcia),6,Gracia,31,la Vila de Gracia,Urbana,Trànsit
103,8,Barcelona,19,Barcelona,44,12,2021,1,11,48.0,V,29.0,V,18.0,V,14.0,V,12.0,V,17.0,V,21.0,V,40.0,V,65.0,V,68.0,V,67.0,V,74.0,V,73.0,V,45.0,V,36.0,V,37.0,V,43.0,V,44.0,V,46.0,V,68.0,V,63.0,V,44.0,V,76.0,V,,N,Barcelona - Gràcia,IJ,1,8019044,2.1534,41.3987,Plaça Gal·la Placídia (Via Augusta - Travessera de Gràcia),6,Gracia,31,la Vila de Gracia,Urbana,Trànsit
104,8,Barcelona,19,Barcelona,44,12,2021,1,12,24.0,V,24.0,V,15.0,V,20.0,V,29.0,V,52.0,V,66.0,V,101.0,V,133.0,V,110.0,V,150.0,V,104.0,V,95.0,V,49.0,V,43.0,V,46.0,V,54.0,V,69.0,V,53.0,V,51.0,V,50.0,V,36.0,V,50.0,V,31.0,V,Barcelona - Gràcia,IJ,1,8019044,2.1534,41.3987,Plaça Gal·la Placídia (Via Augusta - Travessera de Gràcia),6,Gracia,31,la Vila de Gracia,Urbana,Trànsit
105,8,Barcelona,19,Barcelona,44,12,2021,1,13,19.0,V,19.0,V,18.0,V,28.0,V,27.0,V,35.0,V,69.0,V,121.0,V,101.0,V,179.0,V,91.0,V,101.0,V,87.0,V,62.0,V,59.0,V,52.0,V,48.0,V,42.0,V,29.0,V,29.0,V,29.0,V,44.0,V,34.0,V,,N,Barcelona - Gràcia,IJ,1,8019044,2.1534,41.3987,Plaça Gal·la Placídia (Via Augusta - Travessera de Gràcia),6,Gracia,31,la Vila de Gracia,Urbana,Trànsit
106,8,Barcelona,19,Barcelona,44,12,2021,1,14,13.0,V,12.0,V,36.0,V,39.0,V,18.0,V,15.0,V,28.0,V,51.0,V,87.0,V,92.0,V,52.0,V,51.0,V,52.0,V,59.0,V,46.0,V,35.0,V,42.0,V,45.0,V,46.0,V,60.0,V,70.0,V,62.0,V,63.0,V,94.0,V,Barcelona - Gràcia,IJ,1,8019044,2.1534,41.3987,Plaça Gal·la Placídia (Via Augusta - Travessera de Gràcia),6,Gracia,31,la Vila de Gracia,Urbana,Trànsit
107,8,Barcelona,19,Barcelona,44,12,2021,1,15,89.0,V,60.0,V,39.0,V,18.0,V,26.0,V,16.0,V,73.0,V,111.0,V,218.0,V,182.0,V,145.0,V,85.0,V,65.0,V,55.0,V,70.0,V,64.0,V,66.0,V,69.0,V,94.0,V,186.0,V,272.0,V,201.0,V,232.0,V,,N,Barcelona - Gràcia,IJ,1,8019044,2.1534,41.3987,Plaça Gal·la Placídia (Via Augusta - Travessera de Gràcia),6,Gracia,31,la Vila de Gracia,Urbana,Trànsit
108,8,Barcelona,19,Barcelona,44,12,2021,1,16,95.0,V,119.0,V,74.0,V,31.0,V,38.0,V,50.0,V,45.0,V,54.0,V,79.0,V,100.0,V,70.0,V,46.0,V,40.0,V,22.0,V,20.0,V,21.0,V,43.0,V,44.0,V,35.0,V,35.0,V,30.0,V,23.0,V,27.0,V,,N,Barcelona - Gràcia,IJ,1,8019044,2.1534,41.3987,Plaça Gal·la Placídia (Via Augusta - Travessera de Gràcia),6,Gracia,31,la Vila de Gracia,Urbana,Trànsit
109,8,Barcelona,19,Barcelona,44,12,2021,1,17,21.0,V,15.0,V,16.0,V,13.0,V,15.0,V,16.0,V,21.0,V,35.0,V,70.0,V,82.0,V,57.0,V,52.0,V,38.0,V,34.0,V,24.0,V,15.0,V,56.0,V,65.0,V,75.0,V,73.0,V,79.0,V,77.0,V,107.0,V,,N,Barcelona - Gràcia,IJ,1,8019044,2.1534,41.3987,Plaça Gal·la Placídia (Via Augusta - Travessera de Gràcia),6,Gracia,31,la Vila de Gracia,Urbana,Trànsit
110,8,Barcelona,19,Barcelona,44,12,2021,1,18,96.0,V,91.0,V,38.0,V,38.0,V,55.0,V,31.0,V,47.0,V,151.0,V,234.0,V,428.0,V,,N,,N,59.0,V,84.0,V,71.0,V,69.0,V,80.0,V,86.0,V,102.0,V,119.0,V,80.0,V,122.0,V,109.0,V,,N,Barcelona - Gràcia,IJ,1,8019044,2.1534,41.3987,Plaça Gal·la Placídia (Via Augusta - Travessera de Gràcia),6,Gracia,31,la Vila de Gracia,Urbana,Trànsit
111,8,Barcelona,19,Barcelona,44,12,2021,1,19,46.0,V,31.0,V,26.0,V,24.0,V,18.0,V,25.0,V,33.0,V,60.0,V,114.0,V,84.0,V,58.0,V,82.0,V,63.0,V,76.0,V,45.0,V,37.0,V,46.0,V,51.0,V,73.0,V,97.0,V,70.0,V,45.0,V,37.0,V,34.0,V,Barcelona - Gràcia,IJ,1,8019044,2.1534,41.3987,Plaça Gal·la Placídia (Via Augusta - Travessera de Gràcia),6,Gracia,31,la Vila de Gracia,Urbana,Trànsit
112,8,Barcelona,19,Barcelona,44,12,2021,1,20,30.0,V,22.0,V,21.0,V,29.0,V,27.0,V,23.0,V,50.0,V,90.0,V,110.0,V,143.0,V,93.0,V,92.0,V,89.0,V,75.0,V,48.0,V,43.0,V,57.0,V,56.0,V,62.0,V,60.0,V,64.0,V,48.0,V,49.0,V,42.0,V,Barcelona - Gràcia,IJ,1,8019044,2.1534,41.3987,Plaça Gal·la Placídia (Via Augusta - Travessera de Gràcia),6,Gracia,31,la Vila de Gracia,Urbana,Trànsit
113,8,Barcelona,19,Barcelona,44,12,2021,1,21,30.0,V,35.0,V,31.0,V,44.0,V,36.0,V,42.0,V,36.0,V,43.0,V,53.0,V,80.0,V,149.0,V,52.0,V,61.0,V,36.0,V,38.0,V,34.0,V,44.0,V,65.0,V,63.0,V,58.0,V,97.0,V,161.0,V,224.0,V,119.0,V,Barcelona - Gràcia,IJ,1,8019044,2.1534,41.3987,Plaça Gal·la Placídia (Via Augusta - Travessera de Gràcia),6,Gracia,31,la Vila de Gracia,Urbana,Trànsit
114,8,Barcelona,19,Barcelona,44,12,2021,1,22,36.0,V,26.0,V,55.0,V,39.0,V,17.0,V,12.0,V,23.0,V,52.0,V,67.0,V,40.0,V,34.0,V,51.0,V,41.0,V,27.0,V,15.0,V,14.0,V,27.0,V,29.0,V,26.0,V,23.0,V,19.0,V,14.0,V,14.0,V,,N,Barcelona - Gràcia,IJ,1,8019044,2.1534,41.3987,Plaça Gal·la Placídia (Via Augusta - Travessera de Gràcia),6,Gracia,31,la Vila de Gracia,Urbana,Trànsit
115,8,Barcelona,19,Barcelona,44,12,2021,1,23,9.0,V,10.0,V,6.0,V,7.0,V,4.0,V,8.0,V,17.0,V,21.0,V,28.0,V,30.0,V,26.0,V,26.0,V,21.0,V,18.0,V,11.0,V,15.0,V,18.0,V,18.0,V,19.0,V,22.0,V,17.0,V,25.0,V,29.0,V,,N,Barcelona - Gràcia,IJ,1,8019044,2.1534,41.3987,Plaça Gal·la Placídia (Via Augusta - Travessera de Gràcia),6,Gracia,31,la Vila de Gracia,Urbana,Trànsit
116,8,Barcelona,19,Barcelona,44,12,2021,1,24,23.0,V,21.0,V,22.0,V,12.0,V,7.0,V,4.0,V,3.0,V,3.0,V,4.0,V,10.0,V,17.0,V,9.0,V,18.0,V,23.0,V,22.0,V,11.0,V,13.0,V,18.0,V,22.0,V,21.0,V,43.0,V,33.0,V,30.0,V,,N,Barcelona - Gràcia,IJ,1,8019044,2.1534,41.3987,Plaça Gal·la Placídia (Via Augusta - Travessera de Gràcia),6,Gracia,31,la Vila de Gracia,Urbana,Trànsit
117,8,Barcelona,19,Barcelona,44,12,2021,1,25,15.0,V,12.0,V,12.0,V,8.0,V,5.0,V,7.0,V,14.0,V,34.0,V,42.0,V,52.0,V,49.0,V,59.0,V,76.0,V,50.0,V,33.0,V,41.0,V,48.0,V,40.0,V,43.0,V,38.0,V,47.0,V,36.0,V,34.0,V,,N,Barcelona - Gràcia,IJ,1,8019044,2.1534,41.3987,Plaça Gal·la Placídia (Via Augusta - Travessera de Gràcia),6,Gracia,31,la Vila de Gracia,Urbana,Trànsit
118,8,Barcelona,19,Barcelona,44,12,2021,1,26,25.0,V,27.0,V,19.0,V,14.0,V,13.0,V,12.0,V,27.0,V,50.0,V,88.0,V,47.0,V,57.0,V,53.0,V,50.0,V,46.0,V,52.0,V,55.0,V,46.0,V,54.0,V,86.0,V,74.0,V,62.0,V,34.0,V,41.0,V,,N,Barcelona - Gràcia,IJ,1,8019044,2.1534,41.3987,Plaça Gal·la Placídia (Via Augusta - Travessera de Gràcia),6,Gracia,31,la Vila de Gracia,Urbana,Trànsit
119,8,Barcelona,19,Barcelona,44,12,2021,1,27,53.0,V,37.0,V,33.0,V,30.0,V,27.0,V,18.0,V,29.0,V,67.0,V,178.0,V,203.0,V,195.0,V,232.0,V,167.0,V,144.0,V,73.0,V,69.0,V,64.0,V,70.0,V,100.0,V,137.0,V,229.0,V,332.0,V,409.0,V,336.0,V,Barcelona - Gràcia,IJ,1,8019044,2.1534,41.3987,Plaça Gal·la Placídia (Via Augusta - Travessera de Gràcia),6,Gracia,31,la Vila de Gracia,Urbana,Trànsit
120,8,Barcelona,19,Barcelona,44,12,2021,1,28,348.0,V,231.0,V,225.0,V,215.0,V,153.0,V,141.0,V,137.0,V,173.0,V,146.0,V,127.0,V,60.0,V,45.0,V,102.0,V,100.0,V,120.0,V,110.0,V,108.0,V,102.0,V,141.0,V,130.0,V,114.0,V,100.0,V,124.0,V,133.0,V,Barcelona - Gràcia,IJ,1,8019044,2.1534,41.3987,Plaça Gal·la Placídia (Via Augusta - Travessera de Gràcia),6,Gracia,31,la Vila de Gracia,Urbana,Trànsit
121,8,Barcelona,19,Barcelona,44,12,2021,1,29,173.0,V,129.0,V,116.0,V,49.0,V,15.0,V,9.0,V,23.0,V,23.0,V,83.0,V,42.0,V,35.0,V,42.0,V,57.0,V,39.0,V,20.0,V,22.0,V,31.0,V,48.0,V,86.0,V,62.0,V,94.0,V,60.0,V,75.0,V,,N,Barcelona - Gràcia,IJ,1,8019044,2.1534,41.3987,Plaça Gal·la Placídia (Via Augusta - Travessera de Gràcia),6,Gracia,31,la Vila de Gracia,Urbana,Trànsit
122,8,Barcelona,19,Barcelona,44,12,2021,1,30,66.0,V,82.0,V,91.0,V,83.0,V,86.0,V,85.0,V,33.0,V,76.0,V,18.0,V,28.0,V,16.0,V,17.0,V,14.0,V,18.0,V,11.0,V,9.0,V,10.0,V,14.0,V,18.0,V,13.0,V,14.0,V,15.0,V,13.0,V,,N,Barcelona - Gràcia,IJ,1,8019044,2.1534,41.3987,Plaça Gal·la Placídia (Via Augusta - Travessera de Gràcia),6,Gracia,31,la Vila de Gracia,Urbana,Trànsit
123,8,Barcelona,19,Barcelona,44,12,2021,1,31,6.0,V,7.0,V,6.0,V,3.0,V,3.0,V,4.0,V,3.0,V,4.0,V,5.0,V,5.0,V,8.0,V,7.0,V,9.0,V,10.0,V,11.0,V,10.0,V,7.0,V,9.0,V,9.0,V,9.0,V,9.0,V,8.0,V,9.0,V,,N,Barcelona - Gràcia,IJ,1,8019044,2.1534,41.3987,Plaça Gal·la Placídia (Via Augusta - Travessera de Gràcia),6,Gracia,31,la Vila de Gracia,Urbana,Trànsit
124,8,Barcelona,19,Barcelona,50,12,2021,1,1,28.0,V,28.0,V,13.0,V,11.0,V,16.0,V,34.0,V,12.0,V,16.0,V,22.0,V,27.0,V,23.0,V,17.0,V,24.0,V,24.0,V,36.0,V,31.0,V,21.0,V,14.0,V,15.0,V,12.0,V,15.0,V,15.0,V,13.0,V,,N,Barcelona - Ciutadella,IL,1,8019050,2.1874,41.3864,Parc de la Ciutadella,1,Ciutat Vella,4,"Sant Pere, Santa Caterina i la Ribera",Urbana,Fons
125,8,Barcelona,19,Barcelona,50,12,2021,1,2,10.0,V,8.0,V,8.0,V,8.0,V,8.0,V,6.0,V,12.0,V,9.0,V,12.0,V,11.0,V,19.0,V,13.0,V,14.0,V,12.0,V,16.0,V,16.0,V,17.0,V,20.0,V,18.0,V,22.0,V,35.0,V,38.0,V,38.0,V,,N,Barcelona - Ciutadella,IL,1,8019050,2.1874,41.3864,Parc de la Ciutadella,1,Ciutat Vella,4,"Sant Pere, Santa Caterina i la Ribera",Urbana,Fons
126,8,Barcelona,19,Barcelona,50,12,2021,1,3,26.0,V,14.0,V,7.0,V,6.0,V,6.0,V,6.0,V,9.0,V,9.0,V,13.0,V,14.0,V,12.0,V,11.0,V,11.0,V,11.0,V,35.0,V,25.0,V,28.0,V,23.0,V,33.0,V,37.0,V,98.0,V,101.0,V,67.0,V,,N,Barcelona - Ciutadella,IL,1,8019050,2.1874,41.3864,Parc de la Ciutadella,1,Ciutat Vella,4,"Sant Pere, Santa Caterina i la Ribera",Urbana,Fons
127,8,Barcelona,19,Barcelona,50,12,2021,1,4,48.0,V,26.0,V,26.0,V,37.0,V,39.0,V,24.0,V,15.0,V,22.0,V,15.0,V,23.0,V,29.0,V,28.0,V,,N,,N,19.0,V,16.0,V,18.0,V,22.0,V,35.0,V,36.0,V,29.0,V,26.0,V,28.0,V,,N,Barcelona - Ciutadella,IL,1,8019050,2.1874,41.3864,Parc de la Ciutadella,1,Ciutat Vella,4,"Sant Pere, Santa Caterina i la Ribera",Urbana,Fons
128,8,Barcelona,19,Barcelona,50,12,2021,1,5,33.0,V,24.0,V,18.0,V,12.0,V,10.0,V,14.0,V,33.0,V,73.0,V,99.0,V,113.0,V,60.0,V,50.0,V,23.0,V,19.0,V,14.0,V,11.0,V,19.0,V,31.0,V,58.0,V,49.0,V,39.0,V,35.0,V,27.0,V,34.0,V,Barcelona - Ciutadella,IL,1,8019050,2.1874,41.3864,Parc de la Ciutadella,1,Ciutat Vella,4,"Sant Pere, Santa Caterina i la Ribera",Urbana,Fons
129,8,Barcelona,19,Barcelona,50,12,2021,1,6,43.0,V,28.0,V,25.0,V,18.0,V,15.0,V,14.0,V,16.0,V,17.0,V,19.0,V,19.0,V,20.0,V,22.0,V,24.0,V,13.0,V,10.0,V,10.0,V,8.0,V,8.0,V,32.0,V,83.0,V,41.0,V,38.0,V,31.0,V,,N,Barcelona - Ciutadella,IL,1,8019050,2.1874,41.3864,Parc de la Ciutadella,1,Ciutat Vella,4,"Sant Pere, Santa Caterina i la Ribera",Urbana,Fons
130,8,Barcelona,19,Barcelona,50,12,2021,1,7,25.0,V,25.0,V,27.0,V,22.0,V,21.0,V,19.0,V,25.0,V,43.0,V,66.0,V,80.0,V,81.0,V,88.0,V,67.0,V,30.0,V,20.0,V,21.0,V,26.0,V,27.0,V,31.0,V,108.0,V,106.0,V,75.0,V,68.0,V,26.0,V,Barcelona - Ciutadella,IL,1,8019050,2.1874,41.3864,Parc de la Ciutadella,1,Ciutat Vella,4,"Sant Pere, Santa Caterina i la Ribera",Urbana,Fons
131,8,Barcelona,19,Barcelona,50,12,2021,1,8,24.0,V,37.0,V,24.0,V,22.0,V,18.0,V,22.0,V,25.0,V,69.0,V,157.0,V,101.0,V,64.0,V,59.0,V,59.0,V,50.0,V,39.0,V,58.0,V,56.0,V,79.0,V,83.0,V,82.0,V,72.0,V,56.0,V,34.0,V,,N,Barcelona - Ciutadella,IL,1,8019050,2.1874,41.3864,Parc de la Ciutadella,1,Ciutat Vella,4,"Sant Pere, Santa Caterina i la Ribera",Urbana,Fons
132,8,Barcelona,19,Barcelona,50,12,2021,1,9,11.0,V,14.0,V,7.0,V,7.0,V,8.0,V,8.0,V,10.0,V,9.0,V,13.0,V,14.0,V,15.0,V,14.0,V,13.0,V,13.0,V,14.0,V,14.0,V,15.0,V,14.0,V,13.0,V,13.0,V,11.0,V,12.0,V,9.0,V,8.0,V,Barcelona - Ciutadella,IL,1,8019050,2.1874,41.3864,Parc de la Ciutadella,1,Ciutat Vella,4,"Sant Pere, Santa Caterina i la Ribera",Urbana,Fons
133,8,Barcelona,19,Barcelona,50,12,2021,1,10,7.0,V,5.0,V,5.0,V,5.0,V,5.0,V,6.0,V,6.0,V,8.0,V,9.0,V,11.0,V,10.0,V,11.0,V,15.0,V,18.0,V,31.0,V,23.0,V,8.0,V,19.0,V,29.0,V,23.0,V,22.0,V,34.0,V,33.0,V,,N,Barcelona - Ciutadella,IL,1,8019050,2.1874,41.3864,Parc de la Ciutadella,1,Ciutat Vella,4,"Sant Pere, Santa Caterina i la Ribera",Urbana,Fons
134,8,Barcelona,19,Barcelona,50,12,2021,1,11,16.0,V,14.0,V,10.0,V,10.0,V,7.0,V,8.0,V,12.0,V,30.0,V,45.0,V,38.0,V,39.0,V,31.0,V,28.0,V,29.0,V,22.0,V,22.0,V,22.0,V,28.0,V,32.0,V,37.0,V,33.0,V,26.0,V,39.0,V,,N,Barcelona - Ciutadella,IL,1,8019050,2.1874,41.3864,Parc de la Ciutadella,1,Ciutat Vella,4,"Sant Pere, Santa Caterina i la Ribera",Urbana,Fons
135,8,Barcelona,19,Barcelona,50,12,2021,1,12,19.0,V,14.0,V,11.0,V,12.0,V,42.0,V,78.0,V,94.0,V,252.0,V,253.0,V,185.0,V,98.0,V,57.0,V,48.0,V,30.0,V,31.0,V,24.0,V,24.0,V,36.0,V,20.0,V,19.0,V,26.0,V,22.0,V,26.0,V,23.0,V,Barcelona - Ciutadella,IL,1,8019050,2.1874,41.3864,Parc de la Ciutadella,1,Ciutat Vella,4,"Sant Pere, Santa Caterina i la Ribera",Urbana,Fons
136,8,Barcelona,19,Barcelona,50,12,2021,1,13,13.0,V,14.0,V,11.0,V,14.0,V,14.0,V,45.0,V,131.0,V,195.0,V,341.0,V,357.0,V,80.0,V,56.0,V,51.0,V,33.0,V,31.0,V,37.0,V,33.0,V,41.0,V,35.0,V,32.0,V,27.0,V,27.0,V,22.0,V,,N,Barcelona - Ciutadella,IL,1,8019050,2.1874,41.3864,Parc de la Ciutadella,1,Ciutat Vella,4,"Sant Pere, Santa Caterina i la Ribera",Urbana,Fons
137,8,Barcelona,19,Barcelona,50,12,2021,1,14,15.0,V,10.0,V,9.0,V,8.0,V,9.0,V,11.0,V,18.0,V,41.0,V,61.0,V,59.0,V,46.0,V,38.0,V,,N,,N,,N,30.0,V,25.0,V,25.0,V,26.0,V,24.0,V,39.0,V,46.0,V,41.0,V,38.0,V,Barcelona - Ciutadella,IL,1,8019050,2.1874,41.3864,Parc de la Ciutadella,1,Ciutat Vella,4,"Sant Pere, Santa Caterina i la Ribera",Urbana,Fons
138,8,Barcelona,19,Barcelona,50,12,2021,1,15,46.0,V,33.0,V,32.0,V,30.0,V,33.0,V,53.0,V,44.0,V,121.0,V,325.0,V,293.0,V,246.0,V,268.0,V,206.0,V,54.0,V,39.0,V,46.0,V,36.0,V,27.0,V,26.0,V,40.0,V,134.0,V,182.0,V,299.0,V,,N,Barcelona - Ciutadella,IL,1,8019050,2.1874,41.3864,Parc de la Ciutadella,1,Ciutat Vella,4,"Sant Pere, Santa Caterina i la Ribera",Urbana,Fons
139,8,Barcelona,19,Barcelona,50,12,2021,1,16,180.0,V,116.0,V,57.0,V,37.0,V,22.0,V,21.0,V,20.0,V,74.0,V,71.0,V,87.0,V,63.0,V,55.0,V,21.0,V,14.0,V,15.0,V,16.0,V,22.0,V,37.0,V,19.0,V,16.0,V,22.0,V,33.0,V,20.0,V,,N,Barcelona - Ciutadella,IL,1,8019050,2.1874,41.3864,Parc de la Ciutadella,1,Ciutat Vella,4,"Sant Pere, Santa Caterina i la Ribera",Urbana,Fons
140,8,Barcelona,19,Barcelona,50,12,2021,1,17,22.0,V,22.0,V,24.0,V,17.0,V,12.0,V,11.0,V,135.0,V,45.0,V,46.0,V,45.0,V,40.0,V,34.0,V,24.0,V,18.0,V,26.0,V,18.0,V,14.0,V,18.0,V,30.0,V,38.0,V,50.0,V,63.0,V,61.0,V,,N,Barcelona - Ciutadella,IL,1,8019050,2.1874,41.3864,Parc de la Ciutadella,1,Ciutat Vella,4,"Sant Pere, Santa Caterina i la Ribera",Urbana,Fons
141,8,Barcelona,19,Barcelona,50,12,2021,1,18,97.0,V,85.0,V,55.0,V,44.0,V,35.0,V,77.0,V,91.0,V,165.0,V,479.0,V,424.0,V,343.0,V,246.0,V,118.0,V,45.0,V,63.0,V,44.0,V,78.0,V,98.0,V,85.0,V,91.0,V,107.0,V,147.0,V,148.0,V,,N,Barcelona - Ciutadella,IL,1,8019050,2.1874,41.3864,Parc de la Ciutadella,1,Ciutat Vella,4,"Sant Pere, Santa Caterina i la Ribera",Urbana,Fons
142,8,Barcelona,19,Barcelona,50,12,2021,1,19,86.0,V,42.0,V,36.0,V,35.0,V,18.0,V,38.0,V,48.0,V,139.0,V,405.0,V,425.0,V,300.0,V,104.0,V,39.0,V,41.0,V,24.0,V,28.0,V,34.0,V,44.0,V,42.0,V,50.0,V,46.0,V,33.0,V,35.0,V,28.0,V,Barcelona - Ciutadella,IL,1,8019050,2.1874,41.3864,Parc de la Ciutadella,1,Ciutat Vella,4,"Sant Pere, Santa Caterina i la Ribera",Urbana,Fons
143,8,Barcelona,19,Barcelona,50,12,2021,1,20,27.0,V,30.0,V,33.0,V,44.0,V,46.0,V,49.0,V,91.0,V,144.0,V,344.0,V,403.0,V,120.0,V,74.0,V,82.0,V,56.0,V,30.0,V,28.0,V,34.0,V,35.0,V,37.0,V,41.0,V,47.0,V,36.0,V,23.0,V,29.0,V,Barcelona - Ciutadella,IL,1,8019050,2.1874,41.3864,Parc de la Ciutadella,1,Ciutat Vella,4,"Sant Pere, Santa Caterina i la Ribera",Urbana,Fons
144,8,Barcelona,19,Barcelona,50,12,2021,1,21,29.0,V,40.0,V,40.0,V,49.0,V,49.0,V,44.0,V,57.0,V,155.0,V,184.0,V,251.0,V,146.0,V,82.0,V,51.0,V,72.0,V,30.0,V,50.0,V,57.0,V,47.0,V,123.0,V,211.0,V,299.0,V,227.0,V,136.0,V,73.0,V,Barcelona - Ciutadella,IL,1,8019050,2.1874,41.3864,Parc de la Ciutadella,1,Ciutat Vella,4,"Sant Pere, Santa Caterina i la Ribera",Urbana,Fons
145,8,Barcelona,19,Barcelona,50,12,2021,1,22,48.0,V,87.0,V,95.0,V,54.0,V,18.0,V,10.0,V,13.0,V,31.0,V,44.0,V,27.0,V,30.0,V,63.0,V,30.0,V,19.0,V,16.0,V,15.0,V,15.0,V,19.0,V,16.0,V,17.0,V,17.0,V,12.0,V,16.0,V,,N,Barcelona - Ciutadella,IL,1,8019050,2.1874,41.3864,Parc de la Ciutadella,1,Ciutat Vella,4,"Sant Pere, Santa Caterina i la Ribera",Urbana,Fons
146,8,Barcelona,19,Barcelona,50,12,2021,1,23,9.0,V,9.0,V,8.0,V,7.0,V,6.0,V,8.0,V,13.0,V,18.0,V,16.0,V,19.0,V,15.0,V,13.0,V,12.0,V,11.0,V,10.0,V,10.0,V,14.0,V,13.0,V,12.0,V,15.0,V,16.0,V,17.0,V,23.0,V,,N,Barcelona - Ciutadella,IL,1,8019050,2.1874,41.3864,Parc de la Ciutadella,1,Ciutat Vella,4,"Sant Pere, Santa Caterina i la Ribera",Urbana,Fons
147,8,Barcelona,19,Barcelona,50,12,2021,1,24,22.0,V,33.0,V,21.0,V,14.0,V,10.0,V,4.0,V,4.0,V,4.0,V,5.0,V,8.0,V,9.0,V,4.0,V,8.0,V,10.0,V,9.0,V,16.0,V,9.0,V,10.0,V,16.0,V,15.0,V,25.0,V,16.0,V,18.0,V,,N,Barcelona - Ciutadella,IL,1,8019050,2.1874,41.3864,Parc de la Ciutadella,1,Ciutat Vella,4,"Sant Pere, Santa Caterina i la Ribera",Urbana,Fons
148,8,Barcelona,19,Barcelona,50,12,2021,1,25,20.0,V,15.0,V,13.0,V,8.0,V,6.0,V,7.0,V,13.0,V,23.0,V,49.0,V,46.0,V,42.0,V,43.0,V,58.0,V,46.0,V,26.0,V,27.0,V,18.0,V,12.0,V,8.0,V,8.0,V,9.0,V,8.0,V,10.0,V,,N,Barcelona - Ciutadella,IL,1,8019050,2.1874,41.3864,Parc de la Ciutadella,1,Ciutat Vella,4,"Sant Pere, Santa Caterina i la Ribera",Urbana,Fons
149,8,Barcelona,19,Barcelona,50,12,2021,1,26,22.0,V,24.0,V,13.0,V,9.0,V,13.0,V,11.0,V,14.0,V,38.0,V,32.0,V,36.0,V,25.0,V,15.0,V,13.0,V,11.0,V,17.0,V,24.0,V,29.0,V,31.0,V,53.0,V,46.0,V,43.0,V,36.0,V,38.0,V,,N,Barcelona - Ciutadella,IL,1,8019050,2.1874,41.3864,Parc de la Ciutadella,1,Ciutat Vella,4,"Sant Pere, Santa Caterina i la Ribera",Urbana,Fons
150,8,Barcelona,19,Barcelona,50,12,2021,1,27,43.0,V,38.0,V,32.0,V,35.0,V,32.0,V,20.0,V,51.0,V,114.0,V,241.0,V,279.0,V,198.0,V,184.0,V,64.0,V,35.0,V,23.0,V,15.0,V,27.0,V,36.0,V,44.0,V,77.0,V,63.0,V,115.0,V,241.0,V,285.0,V,Barcelona - Ciutadella,IL,1,8019050,2.1874,41.3864,Parc de la Ciutadella,1,Ciutat Vella,4,"Sant Pere, Santa Caterina i la Ribera",Urbana,Fons
151,8,Barcelona,19,Barcelona,50,12,2021,1,28,251.0,V,235.0,V,202.0,V,160.0,V,113.0,V,104.0,V,174.0,V,202.0,V,307.0,V,156.0,V,67.0,V,141.0,V,93.0,V,52.0,V,58.0,V,48.0,V,59.0,V,60.0,V,52.0,V,64.0,V,58.0,V,53.0,V,81.0,V,75.0,V,Barcelona - Ciutadella,IL,1,8019050,2.1874,41.3864,Parc de la Ciutadella,1,Ciutat Vella,4,"Sant Pere, Santa Caterina i la Ribera",Urbana,Fons
152,8,Barcelona,19,Barcelona,50,12,2021,1,29,99.0,V,122.0,V,97.0,V,98.0,V,111.0,V,66.0,V,70.0,V,83.0,V,70.0,V,43.0,V,37.0,V,38.0,V,49.0,V,31.0,V,18.0,V,21.0,V,24.0,V,42.0,V,26.0,V,24.0,V,30.0,V,20.0,V,32.0,V,,N,Barcelona - Ciutadella,IL,1,8019050,2.1874,41.3864,Parc de la Ciutadella,1,Ciutat Vella,4,"Sant Pere, Santa Caterina i la Ribera",Urbana,Fons
153,8,Barcelona,19,Barcelona,50,12,2021,1,30,21.0,V,55.0,V,89.0,V,100.0,V,104.0,V,94.0,V,92.0,V,105.0,V,82.0,V,39.0,V,24.0,V,14.0,V,11.0,V,10.0,V,9.0,V,9.0,V,7.0,V,10.0,V,14.0,V,11.0,V,10.0,V,17.0,V,14.0,V,,N,Barcelona - Ciutadella,IL,1,8019050,2.1874,41.3864,Parc de la Ciutadella,1,Ciutat Vella,4,"Sant Pere, Santa Caterina i la Ribera",Urbana,Fons
154,8,Barcelona,19,Barcelona,50,12,2021,1,31,7.0,V,9.0,V,7.0,V,5.0,V,4.0,V,5.0,V,5.0,V,5.0,V,5.0,V,6.0,V,7.0,V,8.0,V,9.0,V,9.0,V,10.0,V,7.0,V,6.0,V,6.0,V,8.0,V,9.0,V,10.0,V,7.0,V,8.0,V,,N,Barcelona - Ciutadella,IL,1,8019050,2.1874,41.3864,Parc de la Ciutadella,1,Ciutat Vella,4,"Sant Pere, Santa Caterina i la Ribera",Urbana,Fons
155,8,Barcelona,19,Barcelona,54,12,2021,1,1,40.0,V,31.0,V,13.0,V,12.0,V,16.0,V,13.0,V,11.0,V,8.0,V,9.0,V,9.0,V,10.0,V,16.0,V,20.0,V,30.0,V,30.0,V,22.0,V,14.0,V,11.0,V,14.0,V,11.0,V,17.0,V,28.0,V,14.0,V,,N,Barcelona - Vall Hebron,IN,1,8019054,2.148,41.4261,Parc de la Vall d’Hebron. c/ Martí Codolar - c/ Granja Vella,7,Horta-Guinardo,41,la Vall d'Hebron,Urbana,Fons
156,8,Barcelona,19,Barcelona,54,12,2021,1,2,5.0,V,4.0,V,11.0,V,4.0,V,4.0,V,3.0,V,4.0,V,5.0,V,8.0,V,7.0,V,11.0,V,16.0,V,16.0,V,13.0,V,13.0,V,14.0,V,17.0,V,13.0,V,17.0,V,29.0,V,32.0,V,27.0,V,36.0,V,,N,Barcelona - Vall Hebron,IN,1,8019054,2.148,41.4261,Parc de la Vall d’Hebron. c/ Martí Codolar - c/ Granja Vella,7,Horta-Guinardo,41,la Vall d'Hebron,Urbana,Fons
157,8,Barcelona,19,Barcelona,54,12,2021,1,3,28.0,V,10.0,V,4.0,V,2.0,V,4.0,V,9.0,V,10.0,V,8.0,V,12.0,V,17.0,V,15.0,V,9.0,V,9.0,V,9.0,V,12.0,V,15.0,V,14.0,V,35.0,V,86.0,V,95.0,V,113.0,V,116.0,V,83.0,V,,N,Barcelona - Vall Hebron,IN,1,8019054,2.148,41.4261,Parc de la Vall d’Hebron. c/ Martí Codolar - c/ Granja Vella,7,Horta-Guinardo,41,la Vall d'Hebron,Urbana,Fons
158,8,Barcelona,19,Barcelona,54,12,2021,1,4,60.0,V,49.0,V,35.0,V,33.0,V,48.0,V,9.0,V,10.0,V,44.0,V,17.0,V,16.0,V,16.0,V,20.0,V,17.0,V,15.0,V,13.0,V,14.0,V,17.0,V,23.0,V,71.0,V,37.0,V,26.0,V,22.0,V,28.0,V,,N,Barcelona - Vall Hebron,IN,1,8019054,2.148,41.4261,Parc de la Vall d’Hebron. c/ Martí Codolar - c/ Granja Vella,7,Horta-Guinardo,41,la Vall d'Hebron,Urbana,Fons
159,8,Barcelona,19,Barcelona,54,12,2021,1,5,39.0,V,22.0,V,17.0,V,7.0,V,6.0,V,22.0,V,44.0,V,68.0,V,54.0,V,60.0,V,29.0,V,18.0,V,14.0,V,33.0,V,36.0,V,30.0,V,30.0,V,32.0,V,44.0,V,47.0,V,30.0,V,33.0,V,21.0,V,25.0,V,Barcelona - Vall Hebron,IN,1,8019054,2.148,41.4261,Parc de la Vall d’Hebron. c/ Martí Codolar - c/ Granja Vella,7,Horta-Guinardo,41,la Vall d'Hebron,Urbana,Fons
160,8,Barcelona,19,Barcelona,54,12,2021,1,6,24.0,V,20.0,V,16.0,V,12.0,V,11.0,V,10.0,V,11.0,V,17.0,V,25.0,V,22.0,V,27.0,V,33.0,V,21.0,V,25.0,V,24.0,V,27.0,V,30.0,V,120.0,V,101.0,V,125.0,V,30.0,V,35.0,V,23.0,V,,N,Barcelona - Vall Hebron,IN,1,8019054,2.148,41.4261,Parc de la Vall d’Hebron. c/ Martí Codolar - c/ Granja Vella,7,Horta-Guinardo,41,la Vall d'Hebron,Urbana,Fons
161,8,Barcelona,19,Barcelona,54,12,2021,1,7,13.0,V,15.0,V,12.0,V,13.0,V,14.0,V,13.0,V,21.0,V,37.0,V,42.0,V,50.0,V,58.0,V,61.0,V,58.0,V,51.0,V,52.0,V,69.0,V,68.0,V,54.0,V,101.0,V,93.0,V,90.0,V,77.0,V,37.0,V,28.0,V,Barcelona - Vall Hebron,IN,1,8019054,2.148,41.4261,Parc de la Vall d’Hebron. c/ Martí Codolar - c/ Granja Vella,7,Horta-Guinardo,41,la Vall d'Hebron,Urbana,Fons
162,8,Barcelona,19,Barcelona,54,12,2021,1,8,18.0,V,22.0,V,40.0,V,56.0,V,35.0,V,44.0,V,43.0,V,64.0,V,74.0,V,96.0,V,,N,33.0,V,36.0,V,33.0,V,29.0,V,32.0,V,54.0,V,69.0,V,84.0,V,79.0,V,68.0,V,44.0,V,27.0,V,,N,Barcelona - Vall Hebron,IN,1,8019054,2.148,41.4261,Parc de la Vall d’Hebron. c/ Martí Codolar - c/ Granja Vella,7,Horta-Guinardo,41,la Vall d'Hebron,Urbana,Fons
163,8,Barcelona,19,Barcelona,54,12,2021,1,9,12.0,V,14.0,V,9.0,V,9.0,V,7.0,V,6.0,V,10.0,V,11.0,V,12.0,V,14.0,V,12.0,V,13.0,V,13.0,V,13.0,V,11.0,V,12.0,V,11.0,V,10.0,V,9.0,V,8.0,V,9.0,V,9.0,V,6.0,V,5.0,V,Barcelona - Vall Hebron,IN,1,8019054,2.148,41.4261,Parc de la Vall d’Hebron. c/ Martí Codolar - c/ Granja Vella,7,Horta-Guinardo,41,la Vall d'Hebron,Urbana,Fons
164,8,Barcelona,19,Barcelona,54,12,2021,1,10,5.0,V,5.0,V,6.0,V,5.0,V,4.0,V,4.0,V,5.0,V,5.0,V,6.0,V,9.0,V,8.0,V,14.0,V,22.0,V,15.0,V,30.0,V,25.0,V,25.0,V,42.0,V,26.0,V,21.0,V,27.0,V,23.0,V,14.0,V,,N,Barcelona - Vall Hebron,IN,1,8019054,2.148,41.4261,Parc de la Vall d’Hebron. c/ Martí Codolar - c/ Granja Vella,7,Horta-Guinardo,41,la Vall d'Hebron,Urbana,Fons
165,8,Barcelona,19,Barcelona,54,12,2021,1,11,10.0,V,9.0,V,9.0,V,6.0,V,5.0,V,7.0,V,11.0,V,24.0,V,28.0,V,31.0,V,38.0,V,25.0,V,29.0,V,32.0,V,22.0,V,19.0,V,19.0,V,26.0,V,29.0,V,34.0,V,28.0,V,29.0,V,33.0,V,,N,Barcelona - Vall Hebron,IN,1,8019054,2.148,41.4261,Parc de la Vall d’Hebron. c/ Martí Codolar - c/ Granja Vella,7,Horta-Guinardo,41,la Vall d'Hebron,Urbana,Fons
166,8,Barcelona,19,Barcelona,54,12,2021,1,12,28.0,V,26.0,V,23.0,V,22.0,V,23.0,V,25.0,V,24.0,V,31.0,V,32.0,V,31.0,V,32.0,V,20.0,V,20.0,V,20.0,V,18.0,V,14.0,V,16.0,V,20.0,V,21.0,V,25.0,V,22.0,V,19.0,V,19.0,V,13.0,V,Barcelona - Vall Hebron,IN,1,8019054,2.148,41.4261,Parc de la Vall d’Hebron. c/ Martí Codolar - c/ Granja Vella,7,Horta-Guinardo,41,la Vall d'Hebron,Urbana,Fons
167,8,Barcelona,19,Barcelona,54,12,2021,1,13,7.0,V,6.0,V,9.0,V,10.0,V,10.0,V,15.0,V,17.0,V,25.0,V,31.0,V,22.0,V,15.0,V,14.0,V,16.0,V,19.0,V,20.0,V,21.0,V,23.0,V,21.0,V,19.0,V,16.0,V,14.0,V,12.0,V,9.0,V,,N,Barcelona - Vall Hebron,IN,1,8019054,2.148,41.4261,Parc de la Vall d’Hebron. c/ Martí Codolar - c/ Granja Vella,7,Horta-Guinardo,41,la Vall d'Hebron,Urbana,Fons
168,8,Barcelona,19,Barcelona,54,12,2021,1,14,7.0,V,6.0,V,5.0,V,6.0,V,6.0,V,8.0,V,14.0,V,21.0,V,26.0,V,24.0,V,23.0,V,25.0,V,19.0,V,22.0,V,22.0,V,20.0,V,18.0,V,24.0,V,26.0,V,26.0,V,16.0,V,14.0,V,29.0,V,44.0,V,Barcelona - Vall Hebron,IN,1,8019054,2.148,41.4261,Parc de la Vall d’Hebron. c/ Martí Codolar - c/ Granja Vella,7,Horta-Guinardo,41,la Vall d'Hebron,Urbana,Fons
169,8,Barcelona,19,Barcelona,54,12,2021,1,15,25.0,V,21.0,V,16.0,V,9.0,V,15.0,V,24.0,V,19.0,V,39.0,V,40.0,V,54.0,V,27.0,V,28.0,V,24.0,V,20.0,V,28.0,V,25.0,V,42.0,V,65.0,V,167.0,V,124.0,V,91.0,V,132.0,V,78.0,V,,N,Barcelona - Vall Hebron,IN,1,8019054,2.148,41.4261,Parc de la Vall d’Hebron. c/ Martí Codolar - c/ Granja Vella,7,Horta-Guinardo,41,la Vall d'Hebron,Urbana,Fons
170,8,Barcelona,19,Barcelona,54,12,2021,1,16,51.0,V,26.0,V,20.0,V,16.0,V,20.0,V,20.0,V,19.0,V,39.0,V,29.0,V,22.0,V,17.0,V,10.0,V,9.0,V,11.0,V,13.0,V,12.0,V,12.0,V,15.0,V,11.0,V,18.0,V,17.0,V,18.0,V,18.0,V,,N,Barcelona - Vall Hebron,IN,1,8019054,2.148,41.4261,Parc de la Vall d’Hebron. c/ Martí Codolar - c/ Granja Vella,7,Horta-Guinardo,41,la Vall d'Hebron,Urbana,Fons
171,8,Barcelona,19,Barcelona,54,12,2021,1,17,14.0,V,13.0,V,9.0,V,8.0,V,10.0,V,7.0,V,7.0,V,12.0,V,21.0,V,32.0,V,15.0,V,13.0,V,11.0,V,9.0,V,10.0,V,7.0,V,21.0,V,61.0,V,115.0,V,138.0,V,108.0,V,119.0,V,106.0,V,,N,Barcelona - Vall Hebron,IN,1,8019054,2.148,41.4261,Parc de la Vall d’Hebron. c/ Martí Codolar - c/ Granja Vella,7,Horta-Guinardo,41,la Vall d'Hebron,Urbana,Fons
172,8,Barcelona,19,Barcelona,54,12,2021,1,18,43.0,V,40.0,V,22.0,V,32.0,V,37.0,V,34.0,V,64.0,V,109.0,V,128.0,V,182.0,V,65.0,V,21.0,V,16.0,V,59.0,V,,N,,N,31.0,V,52.0,V,92.0,V,75.0,V,115.0,V,112.0,V,107.0,V,,N,Barcelona - Vall Hebron,IN,1,8019054,2.148,41.4261,Parc de la Vall d’Hebron. c/ Martí Codolar - c/ Granja Vella,7,Horta-Guinardo,41,la Vall d'Hebron,Urbana,Fons
173,8,Barcelona,19,Barcelona,54,12,2021,1,19,48.0,V,46.0,V,46.0,V,41.0,V,30.0,V,9.0,V,19.0,V,58.0,V,87.0,V,48.0,V,38.0,V,21.0,V,14.0,V,16.0,V,14.0,V,16.0,V,22.0,V,29.0,V,48.0,V,25.0,V,20.0,V,16.0,V,10.0,V,6.0,V,Barcelona - Vall Hebron,IN,1,8019054,2.148,41.4261,Parc de la Vall d’Hebron. c/ Martí Codolar - c/ Granja Vella,7,Horta-Guinardo,41,la Vall d'Hebron,Urbana,Fons
174,8,Barcelona,19,Barcelona,54,12,2021,1,20,13.0,V,9.0,V,10.0,V,12.0,V,15.0,V,27.0,V,57.0,V,99.0,V,196.0,V,65.0,V,30.0,V,34.0,V,34.0,V,35.0,V,19.0,V,14.0,V,26.0,V,32.0,V,41.0,V,25.0,V,42.0,V,28.0,V,21.0,V,19.0,V,Barcelona - Vall Hebron,IN,1,8019054,2.148,41.4261,Parc de la Vall d’Hebron. c/ Martí Codolar - c/ Granja Vella,7,Horta-Guinardo,41,la Vall d'Hebron,Urbana,Fons
175,8,Barcelona,19,Barcelona,54,12,2021,1,21,16.0,V,20.0,V,28.0,V,31.0,V,24.0,V,47.0,V,44.0,V,28.0,V,22.0,V,17.0,V,20.0,V,23.0,V,20.0,V,19.0,V,21.0,V,16.0,V,11.0,V,17.0,V,38.0,V,38.0,V,27.0,V,24.0,V,18.0,V,57.0,V,Barcelona - Vall Hebron,IN,1,8019054,2.148,41.4261,Parc de la Vall d’Hebron. c/ Martí Codolar - c/ Granja Vella,7,Horta-Guinardo,41,la Vall d'Hebron,Urbana,Fons
176,8,Barcelona,19,Barcelona,54,12,2021,1,22,8.0,V,8.0,V,8.0,V,6.0,V,7.0,V,6.0,V,8.0,V,12.0,V,19.0,V,13.0,V,11.0,V,14.0,V,10.0,V,8.0,V,10.0,V,10.0,V,12.0,V,13.0,V,12.0,V,12.0,V,10.0,V,9.0,V,10.0,V,,N,Barcelona - Vall Hebron,IN,1,8019054,2.148,41.4261,Parc de la Vall d’Hebron. c/ Martí Codolar - c/ Granja Vella,7,Horta-Guinardo,41,la Vall d'Hebron,Urbana,Fons
177,8,Barcelona,19,Barcelona,54,12,2021,1,23,5.0,V,4.0,V,7.0,V,5.0,V,4.0,V,6.0,V,10.0,V,7.0,V,7.0,V,8.0,V,6.0,V,7.0,V,8.0,V,9.0,V,6.0,V,6.0,V,5.0,V,6.0,V,5.0,V,7.0,V,11.0,V,15.0,V,16.0,V,,N,Barcelona - Vall Hebron,IN,1,8019054,2.148,41.4261,Parc de la Vall d’Hebron. c/ Martí Codolar - c/ Granja Vella,7,Horta-Guinardo,41,la Vall d'Hebron,Urbana,Fons
178,8,Barcelona,19,Barcelona,54,12,2021,1,24,12.0,V,13.0,V,10.0,V,4.0,V,4.0,V,4.0,V,2.0,V,3.0,V,4.0,V,5.0,V,8.0,V,9.0,V,11.0,V,9.0,V,6.0,V,5.0,V,5.0,V,4.0,V,5.0,V,7.0,V,14.0,V,9.0,V,6.0,V,,N,Barcelona - Vall Hebron,IN,1,8019054,2.148,41.4261,Parc de la Vall d’Hebron. c/ Martí Codolar - c/ Granja Vella,7,Horta-Guinardo,41,la Vall d'Hebron,Urbana,Fons
179,8,Barcelona,19,Barcelona,54,12,2021,1,25,7.0,V,7.0,V,4.0,V,4.0,V,4.0,V,6.0,V,11.0,V,19.0,V,28.0,V,29.0,V,22.0,V,19.0,V,17.0,V,13.0,V,12.0,V,22.0,V,21.0,V,20.0,V,18.0,V,18.0,V,19.0,V,20.0,V,26.0,V,,N,Barcelona - Vall Hebron,IN,1,8019054,2.148,41.4261,Parc de la Vall d’Hebron. c/ Martí Codolar - c/ Granja Vella,7,Horta-Guinardo,41,la Vall d'Hebron,Urbana,Fons
180,8,Barcelona,19,Barcelona,54,12,2021,1,26,14.0,V,10.0,V,7.0,V,5.0,V,5.0,V,7.0,V,14.0,V,31.0,V,25.0,V,25.0,V,54.0,V,65.0,V,67.0,V,62.0,V,25.0,V,28.0,V,21.0,V,28.0,V,41.0,V,40.0,V,18.0,V,26.0,V,39.0,V,,N,Barcelona - Vall Hebron,IN,1,8019054,2.148,41.4261,Parc de la Vall d’Hebron. c/ Martí Codolar - c/ Granja Vella,7,Horta-Guinardo,41,la Vall d'Hebron,Urbana,Fons
181,8,Barcelona,19,Barcelona,54,12,2021,1,27,23.0,V,24.0,V,16.0,V,14.0,V,17.0,V,12.0,V,19.0,V,41.0,V,77.0,V,34.0,V,28.0,V,24.0,V,82.0,V,131.0,V,87.0,V,52.0,V,58.0,V,61.0,V,88.0,V,160.0,V,130.0,V,98.0,V,91.0,V,104.0,V,Barcelona - Vall Hebron,IN,1,8019054,2.148,41.4261,Parc de la Vall d’Hebron. c/ Martí Codolar - c/ Granja Vella,7,Horta-Guinardo,41,la Vall d'Hebron,Urbana,Fons
182,8,Barcelona,19,Barcelona,54,12,2021,1,28,74.0,V,64.0,V,59.0,V,79.0,V,25.0,V,11.0,V,11.0,V,42.0,V,14.0,V,15.0,V,14.0,V,14.0,V,19.0,V,97.0,V,86.0,V,87.0,V,85.0,V,89.0,V,176.0,V,211.0,V,208.0,V,180.0,V,122.0,V,96.0,V,Barcelona - Vall Hebron,IN,1,8019054,2.148,41.4261,Parc de la Vall d’Hebron. c/ Martí Codolar - c/ Granja Vella,7,Horta-Guinardo,41,la Vall d'Hebron,Urbana,Fons
183,8,Barcelona,19,Barcelona,54,12,2021,1,29,46.0,V,14.0,V,11.0,V,5.0,V,5.0,V,7.0,V,11.0,V,19.0,V,32.0,V,28.0,V,21.0,V,21.0,V,17.0,V,14.0,V,12.0,V,13.0,V,14.0,V,30.0,V,52.0,V,53.0,V,104.0,V,103.0,V,54.0,V,,N,Barcelona - Vall Hebron,IN,1,8019054,2.148,41.4261,Parc de la Vall d’Hebron. c/ Martí Codolar - c/ Granja Vella,7,Horta-Guinardo,41,la Vall d'Hebron,Urbana,Fons
184,8,Barcelona,19,Barcelona,54,12,2021,1,30,38.0,V,43.0,V,33.0,V,33.0,V,43.0,V,16.0,V,9.0,V,7.0,V,8.0,V,9.0,V,9.0,V,8.0,V,9.0,V,5.0,V,4.0,V,4.0,V,4.0,V,4.0,V,5.0,V,6.0,V,8.0,V,9.0,V,8.0,V,,N,Barcelona - Vall Hebron,IN,1,8019054,2.148,41.4261,Parc de la Vall d’Hebron. c/ Martí Codolar - c/ Granja Vella,7,Horta-Guinardo,41,la Vall d'Hebron,Urbana,Fons
185,8,Barcelona,19,Barcelona,54,12,2021,1,31,6.0,V,7.0,V,4.0,V,4.0,V,3.0,V,4.0,V,4.0,V,5.0,V,5.0,V,6.0,V,5.0,V,5.0,V,5.0,V,6.0,V,6.0,V,5.0,V,7.0,V,6.0,V,6.0,V,6.0,V,7.0,V,7.0,V,5.0,V,,N,Barcelona - Vall Hebron,IN,1,8019054,2.148,41.4261,Parc de la Vall d’Hebron. c/ Martí Codolar - c/ Granja Vella,7,Horta-Guinardo,41,la Vall d'Hebron,Urbana,Fons
186,8,Barcelona,19,Barcelona,57,12,2021,1,1,21.0,V,35.0,V,5.0,V,6.0,V,8.0,V,6.0,V,4.0,V,6.0,V,9.0,V,8.0,V,8.0,V,12.0,V,13.0,V,16.0,V,13.0,V,8.0,V,5.0,V,7.0,V,8.0,V,7.0,V,5.0,V,6.0,V,5.0,V,,N,Barcelona - Palau Reial,IZ,1,8019057,2.1151,41.3875,c/ John Maynard Keynes - c/ de Jordi Girona,4,Les Corts,21,Pedralbes,Urbana,Fons
187,8,Barcelona,19,Barcelona,57,12,2021,1,2,3.0,V,5.0,V,5.0,V,3.0,V,3.0,V,3.0,V,3.0,V,4.0,V,4.0,V,6.0,V,6.0,V,6.0,V,7.0,V,7.0,V,9.0,V,8.0,V,12.0,V,11.0,V,17.0,V,22.0,V,20.0,V,22.0,V,39.0,V,,N,Barcelona - Palau Reial,IZ,1,8019057,2.1151,41.3875,c/ John Maynard Keynes - c/ de Jordi Girona,4,Les Corts,21,Pedralbes,Urbana,Fons
188,8,Barcelona,19,Barcelona,57,12,2021,1,3,23.0,V,6.0,V,4.0,V,3.0,V,4.0,V,6.0,V,6.0,V,4.0,V,9.0,V,13.0,V,6.0,V,5.0,V,4.0,V,9.0,V,14.0,V,10.0,V,12.0,V,26.0,V,47.0,V,54.0,V,66.0,V,68.0,V,65.0,V,,N,Barcelona - Palau Reial,IZ,1,8019057,2.1151,41.3875,c/ John Maynard Keynes - c/ de Jordi Girona,4,Les Corts,21,Pedralbes,Urbana,Fons
189,8,Barcelona,19,Barcelona,57,12,2021,1,4,15.0,V,10.0,V,9.0,V,18.0,V,14.0,V,6.0,V,6.0,V,10.0,V,10.0,V,10.0,V,9.0,V,16.0,V,15.0,V,12.0,V,8.0,V,7.0,V,8.0,V,19.0,V,42.0,V,18.0,V,11.0,V,17.0,V,30.0,V,,N,Barcelona - Palau Reial,IZ,1,8019057,2.1151,41.3875,c/ John Maynard Keynes - c/ de Jordi Girona,4,Les Corts,21,Pedralbes,Urbana,Fons
190,8,Barcelona,19,Barcelona,57,12,2021,1,5,16.0,V,10.0,V,6.0,V,5.0,V,5.0,V,8.0,V,15.0,V,24.0,V,17.0,V,41.0,V,15.0,V,28.0,V,27.0,V,29.0,V,32.0,V,29.0,V,32.0,V,26.0,V,38.0,V,32.0,V,14.0,V,11.0,V,10.0,V,25.0,V,Barcelona - Palau Reial,IZ,1,8019057,2.1151,41.3875,c/ John Maynard Keynes - c/ de Jordi Girona,4,Les Corts,21,Pedralbes,Urbana,Fons
191,8,Barcelona,19,Barcelona,57,12,2021,1,6,24.0,V,18.0,V,17.0,V,13.0,V,9.0,V,19.0,V,14.0,V,8.0,V,15.0,V,33.0,V,15.0,V,11.0,V,12.0,V,20.0,V,27.0,V,20.0,V,17.0,V,33.0,V,75.0,V,44.0,V,18.0,V,16.0,V,11.0,V,,N,Barcelona - Palau Reial,IZ,1,8019057,2.1151,41.3875,c/ John Maynard Keynes - c/ de Jordi Girona,4,Les Corts,21,Pedralbes,Urbana,Fons
192,8,Barcelona,19,Barcelona,57,12,2021,1,7,10.0,V,10.0,V,10.0,V,13.0,V,12.0,V,11.0,V,15.0,V,21.0,V,29.0,V,31.0,V,43.0,V,39.0,V,43.0,V,54.0,V,39.0,V,45.0,V,41.0,V,33.0,V,52.0,V,79.0,V,48.0,V,33.0,V,22.0,V,14.0,V,Barcelona - Palau Reial,IZ,1,8019057,2.1151,41.3875,c/ John Maynard Keynes - c/ de Jordi Girona,4,Les Corts,21,Pedralbes,Urbana,Fons
193,8,Barcelona,19,Barcelona,57,12,2021,1,8,11.0,V,11.0,V,10.0,V,11.0,V,11.0,V,27.0,V,30.0,V,41.0,V,35.0,V,40.0,V,25.0,V,27.0,V,31.0,V,28.0,V,35.0,V,39.0,V,31.0,V,43.0,V,59.0,V,47.0,V,46.0,V,38.0,V,28.0,V,,N,Barcelona - Palau Reial,IZ,1,8019057,2.1151,41.3875,c/ John Maynard Keynes - c/ de Jordi Girona,4,Les Corts,21,Pedralbes,Urbana,Fons
194,8,Barcelona,19,Barcelona,57,12,2021,1,9,9.0,V,11.0,V,7.0,V,6.0,V,5.0,V,4.0,V,9.0,V,10.0,V,11.0,V,13.0,V,13.0,V,14.0,V,15.0,V,14.0,V,15.0,V,15.0,V,13.0,V,12.0,V,11.0,V,10.0,V,11.0,V,11.0,V,9.0,V,7.0,V,Barcelona - Palau Reial,IZ,1,8019057,2.1151,41.3875,c/ John Maynard Keynes - c/ de Jordi Girona,4,Les Corts,21,Pedralbes,Urbana,Fons
195,8,Barcelona,19,Barcelona,57,12,2021,1,10,7.0,V,7.0,V,6.0,V,7.0,V,5.0,V,5.0,V,6.0,V,7.0,V,7.0,V,8.0,V,9.0,V,10.0,V,12.0,V,14.0,V,21.0,V,20.0,V,18.0,V,20.0,V,23.0,V,19.0,V,17.0,V,19.0,V,16.0,V,,N,Barcelona - Palau Reial,IZ,1,8019057,2.1151,41.3875,c/ John Maynard Keynes - c/ de Jordi Girona,4,Les Corts,21,Pedralbes,Urbana,Fons
196,8,Barcelona,19,Barcelona,57,12,2021,1,11,7.0,V,6.0,V,5.0,V,5.0,V,7.0,V,7.0,V,10.0,V,17.0,V,23.0,V,24.0,V,26.0,V,23.0,V,,N,,N,,N,,N,16.0,V,19.0,V,18.0,V,20.0,V,18.0,V,13.0,V,14.0,V,,N,Barcelona - Palau Reial,IZ,1,8019057,2.1151,41.3875,c/ John Maynard Keynes - c/ de Jordi Girona,4,Les Corts,21,Pedralbes,Urbana,Fons
197,8,Barcelona,19,Barcelona,57,12,2021,1,12,8.0,V,6.0,V,6.0,V,5.0,V,5.0,V,9.0,V,14.0,V,19.0,V,22.0,V,20.0,V,22.0,V,18.0,V,13.0,V,14.0,V,14.0,V,12.0,V,17.0,V,17.0,V,14.0,V,12.0,V,19.0,V,11.0,V,10.0,V,8.0,V,Barcelona - Palau Reial,IZ,1,8019057,2.1151,41.3875,c/ John Maynard Keynes - c/ de Jordi Girona,4,Les Corts,21,Pedralbes,Urbana,Fons
198,8,Barcelona,19,Barcelona,57,12,2021,1,13,5.0,V,6.0,V,5.0,V,9.0,V,8.0,V,7.0,V,14.0,V,24.0,V,20.0,V,15.0,V,16.0,V,16.0,V,16.0,V,18.0,V,17.0,V,18.0,V,20.0,V,21.0,V,13.0,V,12.0,V,11.0,V,7.0,V,7.0,V,,N,Barcelona - Palau Reial,IZ,1,8019057,2.1151,41.3875,c/ John Maynard Keynes - c/ de Jordi Girona,4,Les Corts,21,Pedralbes,Urbana,Fons
199,8,Barcelona,19,Barcelona,57,12,2021,1,14,5.0,V,4.0,V,4.0,V,7.0,V,5.0,V,6.0,V,11.0,V,17.0,V,22.0,V,19.0,V,20.0,V,16.0,V,17.0,V,18.0,V,18.0,V,18.0,V,16.0,V,17.0,V,14.0,V,14.0,V,14.0,V,15.0,V,11.0,V,9.0,V,Barcelona - Palau Reial,IZ,1,8019057,2.1151,41.3875,c/ John Maynard Keynes - c/ de Jordi Girona,4,Les Corts,21,Pedralbes,Urbana,Fons
200,8,Barcelona,19,Barcelona,57,12,2021,1,15,6.0,V,9.0,V,7.0,V,13.0,V,13.0,V,6.0,V,10.0,V,20.0,V,30.0,V,45.0,V,52.0,V,25.0,V,20.0,V,19.0,V,15.0,V,15.0,V,33.0,V,42.0,V,62.0,V,78.0,V,113.0,V,128.0,V,86.0,V,,N,Barcelona - Palau Reial,IZ,1,8019057,2.1151,41.3875,c/ John Maynard Keynes - c/ de Jordi Girona,4,Les Corts,21,Pedralbes,Urbana,Fons
201,8,Barcelona,19,Barcelona,57,12,2021,1,16,29.0,V,13.0,V,20.0,V,22.0,V,21.0,V,18.0,V,28.0,V,20.0,V,10.0,V,10.0,V,8.0,V,6.0,V,7.0,V,7.0,V,8.0,V,10.0,V,16.0,V,21.0,V,13.0,V,8.0,V,7.0,V,5.0,V,5.0,V,,N,Barcelona - Palau Reial,IZ,1,8019057,2.1151,41.3875,c/ John Maynard Keynes - c/ de Jordi Girona,4,Les Corts,21,Pedralbes,Urbana,Fons
202,8,Barcelona,19,Barcelona,57,12,2021,1,17,6.0,V,5.0,V,5.0,V,4.0,V,4.0,V,4.0,V,4.0,V,6.0,V,8.0,V,8.0,V,8.0,V,6.0,V,6.0,V,7.0,V,7.0,V,7.0,V,14.0,V,50.0,V,71.0,V,94.0,V,83.0,V,39.0,V,27.0,V,,N,Barcelona - Palau Reial,IZ,1,8019057,2.1151,41.3875,c/ John Maynard Keynes - c/ de Jordi Girona,4,Les Corts,21,Pedralbes,Urbana,Fons
203,8,Barcelona,19,Barcelona,57,12,2021,1,18,33.0,V,16.0,V,26.0,V,49.0,V,13.0,V,14.0,V,22.0,V,70.0,V,227.0,V,360.0,V,,N,,N,24.0,V,44.0,V,44.0,V,34.0,V,35.0,V,52.0,V,111.0,V,58.0,V,67.0,V,62.0,V,60.0,V,,N,Barcelona - Palau Reial,IZ,1,8019057,2.1151,41.3875,c/ John Maynard Keynes - c/ de Jordi Girona,4,Les Corts,21,Pedralbes,Urbana,Fons
204,8,Barcelona,19,Barcelona,57,12,2021,1,19,24.0,V,14.0,V,15.0,V,13.0,V,12.0,V,19.0,V,45.0,V,123.0,V,224.0,V,243.0,V,111.0,V,29.0,V,24.0,V,48.0,V,29.0,V,19.0,V,21.0,V,24.0,V,65.0,V,63.0,V,27.0,V,11.0,V,9.0,V,10.0,V,Barcelona - Palau Reial,IZ,1,8019057,2.1151,41.3875,c/ John Maynard Keynes - c/ de Jordi Girona,4,Les Corts,21,Pedralbes,Urbana,Fons
205,8,Barcelona,19,Barcelona,57,12,2021,1,20,9.0,V,9.0,V,10.0,V,12.0,V,23.0,V,20.0,V,43.0,V,118.0,V,212.0,V,99.0,V,53.0,V,62.0,V,49.0,V,,N,,N,,N,,N,,N,31.0,V,30.0,V,35.0,V,24.0,V,25.0,V,26.0,V,Barcelona - Palau Reial,IZ,1,8019057,2.1151,41.3875,c/ John Maynard Keynes - c/ de Jordi Girona,4,Les Corts,21,Pedralbes,Urbana,Fons
206,8,Barcelona,19,Barcelona,57,12,2021,1,21,12.0,V,12.0,V,16.0,V,25.0,V,16.0,V,2.0,V,6.0,V,15.0,V,22.0,V,21.0,V,,N,,N,,N,17.0,V,16.0,V,16.0,V,28.0,V,38.0,V,27.0,V,26.0,V,38.0,V,167.0,V,165.0,V,50.0,V,Barcelona - Palau Reial,IZ,1,8019057,2.1151,41.3875,c/ John Maynard Keynes - c/ de Jordi Girona,4,Les Corts,21,Pedralbes,Urbana,Fons
207,8,Barcelona,19,Barcelona,57,12,2021,1,22,15.0,V,13.0,V,12.0,V,11.0,V,13.0,V,12.0,V,16.0,V,29.0,V,27.0,V,18.0,V,14.0,V,32.0,V,17.0,V,12.0,V,8.0,V,8.0,V,14.0,V,10.0,V,12.0,V,11.0,V,13.0,V,8.0,V,7.0,V,,N,Barcelona - Palau Reial,IZ,1,8019057,2.1151,41.3875,c/ John Maynard Keynes - c/ de Jordi Girona,4,Les Corts,21,Pedralbes,Urbana,Fons
208,8,Barcelona,19,Barcelona,57,12,2021,1,23,9.0,V,6.0,V,5.0,V,6.0,V,8.0,V,9.0,V,10.0,V,19.0,V,13.0,V,15.0,V,12.0,V,11.0,V,10.0,V,8.0,V,8.0,V,9.0,V,11.0,V,11.0,V,10.0,V,11.0,V,10.0,V,11.0,V,13.0,V,,N,Barcelona - Palau Reial,IZ,1,8019057,2.1151,41.3875,c/ John Maynard Keynes - c/ de Jordi Girona,4,Les Corts,21,Pedralbes,Urbana,Fons
209,8,Barcelona,19,Barcelona,57,12,2021,1,24,9.0,V,10.0,V,9.0,V,9.0,V,9.0,V,9.0,V,6.0,V,5.0,V,6.0,V,7.0,V,11.0,V,12.0,V,12.0,V,10.0,V,8.0,V,7.0,V,8.0,V,10.0,V,13.0,V,15.0,V,33.0,V,20.0,V,12.0,V,,N,Barcelona - Palau Reial,IZ,1,8019057,2.1151,41.3875,c/ John Maynard Keynes - c/ de Jordi Girona,4,Les Corts,21,Pedralbes,Urbana,Fons
210,8,Barcelona,19,Barcelona,57,12,2021,1,25,11.0,V,9.0,V,11.0,V,7.0,V,7.0,V,7.0,V,8.0,V,17.0,V,21.0,V,17.0,V,17.0,V,28.0,V,25.0,V,19.0,V,17.0,V,21.0,V,24.0,V,22.0,V,18.0,V,19.0,V,24.0,V,18.0,V,17.0,V,,N,Barcelona - Palau Reial,IZ,1,8019057,2.1151,41.3875,c/ John Maynard Keynes - c/ de Jordi Girona,4,Les Corts,21,Pedralbes,Urbana,Fons
211,8,Barcelona,19,Barcelona,57,12,2021,1,26,22.0,V,15.0,V,10.0,V,11.0,V,10.0,V,10.0,V,17.0,V,41.0,V,56.0,V,30.0,V,20.0,V,19.0,V,22.0,V,23.0,V,36.0,V,28.0,V,27.0,V,43.0,V,49.0,V,33.0,V,28.0,V,18.0,V,17.0,V,,N,Barcelona - Palau Reial,IZ,1,8019057,2.1151,41.3875,c/ John Maynard Keynes - c/ de Jordi Girona,4,Les Corts,21,Pedralbes,Urbana,Fons
212,8,Barcelona,19,Barcelona,57,12,2021,1,27,23.0,V,19.0,V,17.0,V,14.0,V,14.0,V,29.0,V,33.0,V,70.0,V,216.0,V,117.0,V,99.0,V,82.0,V,164.0,V,85.0,V,108.0,V,69.0,V,81.0,V,48.0,V,69.0,V,136.0,V,179.0,V,148.0,V,110.0,V,117.0,V,Barcelona - Palau Reial,IZ,1,8019057,2.1151,41.3875,c/ John Maynard Keynes - c/ de Jordi Girona,4,Les Corts,21,Pedralbes,Urbana,Fons
213,8,Barcelona,19,Barcelona,57,12,2021,1,28,63.0,V,79.0,V,59.0,V,36.0,V,15.0,V,29.0,V,14.0,V,66.0,V,25.0,V,34.0,V,22.0,V,23.0,V,43.0,V,80.0,V,59.0,V,109.0,V,89.0,V,108.0,V,144.0,V,189.0,V,142.0,V,120.0,V,126.0,V,114.0,V,Barcelona - Palau Reial,IZ,1,8019057,2.1151,41.3875,c/ John Maynard Keynes - c/ de Jordi Girona,4,Les Corts,21,Pedralbes,Urbana,Fons
214,8,Barcelona,19,Barcelona,57,12,2021,1,29,97.0,V,103.0,V,47.0,V,9.0,V,10.0,V,11.0,V,13.0,V,15.0,V,26.0,V,22.0,V,25.0,V,21.0,V,24.0,V,20.0,V,13.0,V,14.0,V,16.0,V,13.0,V,45.0,V,55.0,V,78.0,V,60.0,V,76.0,V,,N,Barcelona - Palau Reial,IZ,1,8019057,2.1151,41.3875,c/ John Maynard Keynes - c/ de Jordi Girona,4,Les Corts,21,Pedralbes,Urbana,Fons
215,8,Barcelona,19,Barcelona,57,12,2021,1,30,40.0,V,40.0,V,50.0,V,56.0,V,52.0,V,39.0,V,10.0,V,19.0,V,14.0,V,18.0,V,11.0,V,10.0,V,9.0,V,11.0,V,8.0,V,9.0,V,8.0,V,12.0,V,15.0,V,9.0,V,8.0,V,8.0,V,7.0,V,,N,Barcelona - Palau Reial,IZ,1,8019057,2.1151,41.3875,c/ John Maynard Keynes - c/ de Jordi Girona,4,Les Corts,21,Pedralbes,Urbana,Fons
216,8,Barcelona,19,Barcelona,57,12,2021,1,31,9.0,V,6.0,V,6.0,V,8.0,V,8.0,V,7.0,V,6.0,V,6.0,V,6.0,V,6.0,V,6.0,V,6.0,V,7.0,V,9.0,V,8.0,V,7.0,V,8.0,V,8.0,V,8.0,V,9.0,V,8.0,V,9.0,V,10.0,V,,N,Barcelona - Palau Reial,IZ,1,8019057,2.1151,41.3875,c/ John Maynard Keynes - c/ de Jordi Girona,4,Les Corts,21,Pedralbes,Urbana,Fons
